Date,HSN Code,Description,Origin,Destination,Quantity,Unit Price (USD),Power Rating (KVA),Real Market Data,Primary Voltage (kV),Secondary Voltage (kV),Is Transformer
8-Apr-24,85042310.0,EQUIP. /DEVICE 2 X 600 TPD WTE TRANSFORMER 150KVA 0.415/0.4KV DRY TYPE TRANSFORMER,China,India,1,5476.79,150.0,,0.415,0.4,True
8-Apr-24,85042310.0,"EQUIP. /DEVICE 2 X 600 TPD WTE TRANSFORMER,4MVA 11/0.433-0.433KV CONVERTER TRANSFORMER",China,India,2,167451.46,4000.0,,,,True
8-Apr-24,85042310.0,EQUIP. /DEVICE 2 X 600 TPD WTE TRANSFORMER 3.15MVA 11/0.433KV DISTRIBUTION TRANSFORMER,China,India,2,128577.91,3150.0,,11.0,0.433,True
8-Apr-24,85042310.0,EQUIP. /DEVICE 2 X 600 TPD WTE TRANSFORMER 28/35MVA 11/132kV GENERATOR TRANSFORMER,China,India,1,329978.47,35000.0,,11.0,132.0,True
28-Mar-24,85042310.0,ZERO CURRENT TRANSFORMER-SPARES FOR COLD ROLLING MILL CRMELECTRICAL TRANSFORMER HAVING A POWER HANDLING CAPACITY N,Japan,India,2,1041.93,,,,,True
28-Mar-24,85042310.0,ZERO CURRENT TRANSFORMER S-PARES FOR COLD ROLLING MILL CRMELECTRICAL TRANSFORMER HAVING A POWER HANDLING CAPACITY N,Japan,India,2,784.87,,,,,True
20-Mar-24,85042310.0,33.3MVA 220/132 KV SINGLE PHASE ONAN/ONAF COOLED OIL IMMERSED OUT DOOR TYPE POWER TRANSFORMER WITH MAIN TANK NITROGENINJ,Nepal,India,1,420712.29,33300.0,,220.0,132.0,False
19-Mar-24,85042310.0,33.3 MVA 220/132 KV SINGL PHASE ONAN/ONAF COOLED OIL IMMERSED OUT DOOR TYPE MAIN POWER TRANSFORMER WITH TANK NITROGEN IN,Nepal,India,1,390309.08,33300.0,,220.0,132.0,False
9-Mar-24,85042320.0,CURRENT TRANSFORMERS - CT143M400/5-2. 5/1 14S CT RATIO:400/5VA:2.5 CLASS:1 TYPE:L143-5-K6,United Kingdom,India,120,1409.39,,,400.0,0.005,True
9-Mar-24,85042320.0,CURRENT TRANSFORMERS - CT164M600/5-5/1 16S RATIO:600/5 VA:5CLASS:1 TYPE:164-5-H5,United Kingdom,India,25,373.21,,,600.0,0.005,True
9-Mar-24,85042320.0,CURRENT TRANSFORMERS - CT132M300/5-2. 5/1 13S CT RATIO:C300/5 VA:2.5 CLASS:1 FEET&DIN CLIP,United Kingdom,India,90,936.96,,,300.0,0.005,True
8-Mar-24,85042310.0,33.3MVA 220/132KV SINGLE PHASE.ONAN/ONAF COOLED OIL IMMERSED OUT DOOR TYPE POWER TRANSFORMER WITH MAIN TANK NITROGEN INJ,Nepal,India,1,420712.29,33300.0,,220.0,132.0,False
22-Feb-24,85042340.0,BEAUTY EQUIPMENT SPARE PARTS / ACCESSORIES / COMPONENT 12v POWDER SUPPLY,China,India,17,201.79,,,,,False
22-Feb-24,85042340.0,BEAUTY EQUIPMENT SPARE PARTS / ACCESSORIES / COMPONENT powersupply,China,India,17,605.39,,,,,False
24-Jan-24,85042340.0,MWO 25 17470000001001H.V. TRANSFORMER MICRO WAVE OVENSPARE PART,China,India,35,835.57,,,,,True
20-Dec-23,8504230009.0,"SINGLE-PHASE ELECTRICAL TRANSFORMER WITH A POWER OF 533000 KVA WITH LIQUID DIELECTRIC , DESIGNED FOR CONVERTING ELECTRICAL ENERGY OF INDUSTRIAL FREQUENCY 50 Hz. PURPOSE: ELECTRICA...",Russia,India,,1518447.55,533000.0,,,,True
13-Dec-23,85042310.0,DC STABILIZED VOLTAGE POWER SUPPLY,China,India,150,6768.63,,,,,False
21-Nov-23,85042310.0,EAF TRANSFORMER 42 MVA SERIAL NO. 64516 FOREIGN ORIGIN GO ARTICLE / ODS / PRODUCT / ITEM FOR REPAIR & TO RETURN FREE OF COST,Italy,India,1,894031.1,42000.0,,,,True
20-Nov-23,85042310.0,XP POWER 140W 12V POWER SUPPLY,Italy,India,1,21.59,,,,,False
12-Nov-23,85042340.0,MWO 25 17470000001001H.V.Transformer MICRO WAVE OVENSPARE PART,China,India,20,525.15,,,,,True
31-Oct-23,85042320.0,ND-050-ZD POWER TRANSFORMER,Japan,India,1,1651.1,,,,,True
21-Oct-23,85042320.0,"CURRENT TRANSFORMERS -16S , RATIO:600/5 VA:5 CLASS:1 TYPE :164-5-H5 CT164M600/5.5/1",United Kingdom,India,60,834.76,,,600.0,0.005,True
21-Oct-23,85042320.0,"CURRENT TRANSFORMERS - 13S CT, RATIO:300/5 VA:2.5 CLASS:1 FEET & DIN CLIP CT132M300/5-2.5/1",United Kingdom,India,80,776.18,,,300.0,0.005,True
21-Oct-23,85042320.0,"CURRENT TRANSFORMERS - 14S CT, RATIO:400/5 VA:2.5 CLASS:1 TYPE : 143-5-K6 CT143M400/5-2.5/1",United Kingdom,India,100,1094.58,,,400.0,0.005,True
22-Sep-23,85042330.0,12703842 BR.RECTIFIER BST0.7I-400V-00,Germany,India,2,347.68,,,,,False
18-Sep-23,85042329.0,TRANSFORMERS,Philippines,India,NaN PAC,84.44,,,,,True
14-Sep-23,85042320.0,"CURRENT TRANSFORMERS - 13S CT,RATIO:300/5 VA:2.5 CLASS:1 FEET&DIN CLIP CT132M300/5-2.5/1",United Kingdom,India,90,908.79,,,300.0,0.005,True
14-Sep-23,85042320.0,"CURRENT TRANSFORMERS - 14S CT,RATIO:400/5 VA:2.5 CLASS:1 TYPE :143-5-K6 CT143M400/5-2.5/1",United Kingdom,India,90,1025.27,,,400.0,0.005,True
14-Sep-23,85042320.0,"CURRENT TRANSFORMERS - 16S ,RATIO:600/5 VA:5 CLASS:1 TYPE :164-5-H5 CT164M600/5.5/1",United Kingdom,India,15,217.2,,,600.0,0.005,True
11-Sep-23,85042310.0,DC STABILIZED VOLTAGE POWER SUPPLY STPB1478,China,India,144,6546.34,,,,,False
31-Aug-23,85042340.0,MWO-34 HD 17470000007043 H.V. TRANSFORMER MICRO WAVEOVEN SPARE PART,China,India,15,1318.96,,,,,True
31-Aug-23,85042340.0,MWO-25 17470000001001 H.V. TRANSFORMER MICRO WAVE OVEN SPARE PART,China,India,20,441.16,,,,,True
22-Aug-23,85042310.0,SUPPLY OF LF TRANSFORMER 15MVA S.N.67844.1/3 PART CARGO,Italy,India,1,492541.52,15000.0,,,,True
18-Aug-23,85042330.0,12703842 BR.RECTIFIER BST0.7I-400V-00,Germany,India,2,360.97,,,,,False
12-Aug-23,85042330.0,TRANSDUCER ORIGIN:CANADA 1240701,Canada,India,1,150673.19,,,,,False
12-Aug-23,85042310.0,SUPPLY OF LF TRANSFORMER 15MVA WITH DISASSEMBLED SPARE PARTS / ACCESSORIES / COMPONENT MAKE:TAMIN.2/3 PART CONSIGNMENT,Italy,India,1,18691.01,15000.0,,,,False
12-Aug-23,85042310.0,SUPPLY OF LF TRANSFORMER 15MVA WITH DISASSEMBLED SPARE PARTS / ACCESSORIES / COMPONENT MAKE:TAMINI3/3 PART CONSIGNMENT,Italy,India,1,36282.55,15000.0,,,,False
9-Aug-23,85042310.0,"SUPPLY OF 2X3.3/0.265KV, 40KA, 50/60 HZ, THREE PHASE TEMPERATURE RISE TESTING TRANSFORMER COMPLETE WITH ALL FITTINGS",Italy,India,1,435184.6,,,3.3,0.265,True
8-Aug-23,85042310.0,ELECTRICAL TRANSFORMER 12000KVA 33KV/750 V X 4 OIL IMMERSED,Nepal,India,1,76177.32,12000.0,,33.0,0.75,True
3-Aug-23,85042310.0,Transformer,China,India,2,35.28,,,,,True
3-Aug-23,85042310.0,TELECOM TRANSFORMER 1CT 1CT 1CT 2CT 0.70HM/0.70HM PRIM DCR 16 TERMINAL GULL WIN T1094NL,Singapore,India,440,829.48,,,,,True
15-Jul-23,85042310.0,48 MVA TRANSFORMER,Italy,India,1,797479.62,48000.0,,,,True
11-Jul-23,85042310.0,TWO POWER SUPPLY NEW-23010300002 SPARE PARTS / ACCESSORIES / COMPONENT FOR AUTOMOBILE GARAGE EQUIPMENT,China,India,2,261.14,,,,,False
28-Jun-23,85042330.0,13000772 BR.RECTIFIER BST0.7S-400V-00,Germany,India,1,185.31,,,,,False
12-Jun-23,85042310.0,Two power supplynew P/NO.23010300002,China,India,2,261.15,,,,,False
9-Jun-23,85042310.0,"3PH,40MVAR 110KV SHUNT REACTOR -MATERIAL NO. /PART NO. ISL3003091-01 & SR.NO.I300309-01ST UNIT REPAIR & RE-EXPORT [FOC]",India,India,1,425773.84,40000.0,,,,False
31-May-23,85042310.0,"33/11 KV, 10/13.33 MVA POWER TRANSFORMER TANK WITH OIL SR.NO.TTL/2/13933 -FI213446X67 API",India,India,1,54978.33,13330.0,,33.0,11.0,True
11-May-23,85042320.0,DRIVER SAMPLE,China,India,4,10.68,,,,,False
11-May-23,85042320.0,POWER SUPPLY SAMPLE,China,India,4,14.24,,,,,False
17-Apr-23,85042320.0,"220-54 KV 30-42-50 MVA ONAN-ONAF-OFAF SINGLE PHASE TRACTION TRANSFORMER V-CONNECTED WITH COOLING FANS , PUMPS AND NIFPS",China,India,2,896546.65,50000.0,,,,False
17-Apr-23,85042330.0,220KV-132KV 75-105-150 MVA POWER TRANSFORMER PAC CERT.NO:CGM-UMB-SYS:CP-304-OHE-2020 DT.27.09.2022,China,India,1,942406.42,150000.0,,220.0,132.0,True
16-Apr-23,85042320.0,"Power adapter BIS NO.CRS-2018-4587-R-41107387 , VALID30.10.2024",China,India,240,475.69,,,,,False
10-Apr-23,85042310.0,48 MVA TRANSFORMER,Italy,India,1,882070.95,48000.0,,,,True
4-Apr-23,85042310.0,TRANSFORMER RV7-36 10777111672 750 VA,France,India,2,3050.84,,,,,True
4-Apr-23,85042310.0,TRANSFORMER RV7-3610777111672 750VA,France,India,6,10150.29,,,,,True
4-Apr-23,85042310.0,TRANSFORMER RV7-36 10777111679 400 VA,France,India,4,6101.66,,,,,True
4-Apr-23,85042310.0,TRANSFORMER RV7-36 10777111679 400 VA,France,India,4,6101.66,,,,,True
3-Apr-23,85042310.0,CURRENT TRANSFORMER MODEL 780I EAR99,United States,India,30,16613.13,,,,,True
3-Apr-23,85042310.0,CURRENT TRANSFORMER VT INDOOR MODEL PT5-110/JVM-5CEAR99,United States,India,6,14271.23,,,,,True
3-Apr-23,85042310.0,CURRENT TRANSFORMER CPT5-15- SD07471,United States,India,1,4747.79,,,,,True
3-Apr-23,85042310.0,CURRENT TRANSFORMER INDOOR MODEL 147 3000:5A EAR99,United States,India,2,2132.41,,,,,True
3-Apr-23,85042310.0,CURRENT TRANSFORMER INDOOR MODEL147 3000:5 RATIO,United States,India,12,12794.46,,,,,True
3-Apr-23,85042310.0,"CURRENT TRANSFORMER MODEL 147I, EAR99",United States,India,24,29664.04,,,,,True
3-Apr-23,85042310.0,CURRENT TRANSFORMER MODEL 204 EAR 99,United States,India,10,5152.51,,,,,True
27-Mar-23,85042310.0,"16 MVA 33KV/110-245-340V SINGLE PHASE, SHELLFORM, FURNACE TRANSFORMER, IDENTICAL & INTERCHANGEABLE TO THE EXISTING UNITS",Norway,India,1,1707636.1,16000.0,,,,True
25-Mar-23,85042330.0,13000772 BR.RECTIFIER BST0.7S-400V-00 GEAR MOTOR PARTS ACTUAL AND USER,Germany,India,2,361.91,,,,,False
23-Mar-23,85042310.0,Transformer ODC-533000/330-U1 Sr No. 2020088 partially disassembled with Accessories Temporary Import for Testing an,Russia,India,1,1512475.22,,,,,False
3-Mar-23,85042310.0,"IMPACT RECORDER & DRY AIR BOTTLEGOOD IMPORTED ON RETURNABEBASIS AFTER ERECTION, 1 SET SUPPLY OF TRANSFORMER,14 MVA,FU",Italy,India,1,1973.68,14000.0,,,,True
3-Mar-23,85042310.0,"NR,1 HV BUSHING + NR PUMP AS SPARE PARTS / ACCESSORIES / COMPONENT 1 SET SUPPLY OFTRANSFORMER,14KVA, FURNACE AND DISASSEMBLED PARTS.",Italy,India,1,10262.68,14.0,,,,False
3-Mar-23,85042310.0,"NR. 1 CONSERVATOR 1 SET COMPLETE WITH NR. 1 SET OF PIPES,NR. 4 WHEELS, NR, 1BUKOLZ RELAY, NR,2 AIR BREATHERS, NR.1 HY",Italy,India,1,38485.07,,,,,False
3-Mar-23,85042330.0,13000772 BR.RECTIFIER BST0.7S-400V-00,Germany,India,1,189.55,,,,,False
3-Mar-23,85042310.0,"MAIN FURNACE TRANSFORMER WITHOUT OIL INSIDE, 1 SET. SUPPLYOF TRANSFORMER,14 MVA,FURNACE,AND DISASSEMBLED PARTS.",Italy,India,1,429061.6,14000.0,,,,False
3-Mar-23,85042310.0,"SPARE PARTS / ACCESSORIES / COMPONENT & CONSUMABLES FOR ERECTION OF FURNACE TRANSFORMER 14 MVA, OIL FOR MAIN MACHINE 56 DRUMS=10192KGS SUPPLY O",Italy,India,56,14407.23,14000.0,,,,True
27-Feb-23,85042310.0,P/N:EA-PSBE 9200-210 3U BI DIRECTIONAL POWER SUPPLY SNO:2512330001,Singapore,India,1,10884.14,,,,,False
27-Feb-23,85042310.0,"P/N:EA-PSB 9200-210 3UBI DIRECTIONAL POWER SUPPLY-0. 200V0. 210A 15000W SNO:2512400001, 00002, 00003, 00004, 00005",Singapore,India,5,74360.51,,,,,False
27-Feb-23,85042310.0,"P/N:EA-PSBE 9200-210 3U BI DIRECTIONAL POWER SUPPLY SNO:2512330003,2512330002,2512330004",Singapore,India,3,33077.07,,,,,False
15-Feb-23,85042320.0,"Transformer 400/230 VAC-1KVA ESTEL, Type TR-0303, Vprimary 400 V,V Secondry 230 V, Phase 1,50Hz,Power 1 KVA",Malaysia,India,1,235.8,1.0,,400.0,0.23,True
14-Feb-23,85042320.0,CURRENT TRANSFORMERS CT132M300/5-2.5/1 13S CT RATIO:300/5 VA:2.5 CLASS-1 FEET & DIN CLIP,United Kingdom,India,92,794.3,,,300.0,0.005,True
14-Feb-23,85042320.0,CURRENT TRANSFORMERS CT143M400/5-2.5/1 14S CT RATIO:400/5 VA:2.5 CLASS1 TYPE 143-5-K6,United Kingdom,India,79,755.47,,,400.0,0.005,True
14-Feb-23,85042320.0,CURRENT TRANSFORMERS CT164M600/5-5/1 16S RATIO:600/5 VA:5 CLASS1 TYPE 164-5-H5,United Kingdom,India,45,556.93,,,600.0,0.005,True
2-Feb-23,85042310.0,DC STABILIZED VOLTAGE POWER SUPPLY STPB1478,China,India,200,8982.52,,,,,False
29-Jan-23,8504230009.0,SINGLE-PHASE ELECTRIC TRANSFORMER WITH POWER 533000 KVA WITH LIQUID DIELECTRIC. DESIGNED FOR CONVERSION OF ELECTRIC ENERGY OF INDUSTRIAL FREQUENCY 50 Hz. PURPOSE: CONVERSION OF ELE...,Russia,India,,,533000.0,,,,True
10-Jan-23,85042321.0,"M.áy biến áp sử dụng điện môi lỏng(dầu), 3 pha, điện áp danh định 38.5-6.6kV. Công suất danh định 16MVA. Số seri:221531-01. Hãng sản xuất: EEMC#&VN",Vietnam,India,1 SET,245060.0,16000.0,,,,False
5-Jan-23,85042320.0,VOLTAGE SENSOR VS4000B,United Arab Emirates,India,24,8260.61,,,,,False
30-Dec-22,85042310.0,"TRANSFORMER;TYPE:REGULATING;VOLTAGE RATING:11.5/12.8-2.5 KV,CURRENT RATING:3765/A,APPARENT POWER:75 MVA,PHASE QUANTITY:3",China,India,1,692285.0,75000.0,,,,True
30-Dec-22,85042310.0,"TRANSFORMER;TYPE:RECTIFIER;VOLTAGE RATING:12075/651V AC,CURRENT RATING:581 A,APPARENT POWER:12155 KVA,PHASE QUANTITY:3,F",China,India,1,228400.0,12155.0,,12075.0,0.651,True
23-Dec-22,85042330.0,Power supply 160W28VLPS-U161S28E,China,India,1000,3230.0,,,,,False
23-Dec-22,85042330.0,Power supply 160W24VLPS-U161S24E,China,India,1000,3230.0,,,,,False
4-Dec-22,85042310.0,TRANSFORMER,China,India,6,200.0,,,,,True
4-Dec-22,85042320.0,LINE COMMUTATING INVERTER ALONG WITH COMMISSIONING AND OPERATING SPARES,Switzerland,India,1,1371297.13,,,,,False
28-Nov-22,85042330.0,220KV/132KV 75/105/150 MVA POWER TRANSFORMER PAC CERT.NO:CGM/UMB/SYS:CP-304/OHE/2020 DT.27.09.2022INV.NO.XBZT-CP304-1,China,India,1,969916.18,150000.0,,220.0,132.0,True
28-Nov-22,85042310.0,"132/54 KV 30/42/50 MVA ONAN/ONAF/OFAF SINGLE PHASE TRACTION TRANSFORMER V-CONNECTED WITH COOLING FANS,PUMPS AND NIFPS.",China,India,1,391022.05,50000.0,,132.0,54.0,False
28-Nov-22,85042320.0,"220/54 KV 30/42/50 MVA ONAN/ONAF/OFAF SINGLE PHASE TRACTION TRANSFORMER V-CONNECTED WITH COOLING FANS, PUMPS AND NIFPS",China,India,3,1378315.76,50000.0,,220.0,54.0,False
21-Oct-22,85042340.0,HIGH VOLTAGE POWER SUPPLY RB 10-30P SPARE PARTS / ACCESSORIES / COMPONENT FOR THICKNESS GAUGE INDUSTRIES USE,Japan,India,10,4769.04,,,,,False
21-Oct-22,85042310.0,POWER TRANSFORMER 50MVA 132/33 KV 3 PHASE AUTO TRANSFORMER DO,Nepal,India,1,890691.6,50000.0,,132.0,33.0,True
20-Oct-22,85042340.0,"POWER SUPPLY SOURCE BLACK ASSY , 80KVP /250UA PARTS FOR THICKNESS GAUGE INDUSTRIES USE",United States,India,3,14085.0,,,,,False
6-Oct-22,85042340.0,Power Pack Universal - 100 - 240 V - 12 V / 1 A DC NEW / NEU,Germany,India,4,42.71,,,,,False
6-Oct-22,85042340.0,Power Pack 15/16V AC / AC UK 295 #6418412001 Power supply 550mA/16V,Germany,India,3,37.43,,,15.0,0.016,False
6-Oct-22,85042340.0,Power Pack 16V/500mA AC - alte Modelle und 295-4 230V AC / 16V AC 500mA,Germany,India,2,24.95,,,,,False
5-Oct-22,85042340.0,MWO-2517470000007043H.V.TRANSFORMERPARTS FOR OVEN USE,China,India,20,1607.33,,,,,True
17-Oct-24,85042310.0,"T&R MAKE 8500 KVA 8.50 MVA, 1PHASE OIL",India,Oman,1 NOS,385626.83,8500.0,,,,True
17-Oct-24,85042310.0,"T&R MAKE 8500 KVA 8.50 MVA, 1PHASE OIL",India,Oman,1 NOS,385626.83,8500.0,,,,True
17-Oct-24,85042310.0,"T&R MAKE 8500 KVA 8.50 MVA, 1PHASE OIL",India,Oman,1 NOS,385626.83,8500.0,,,,True
11-Oct-24,85042310.0,"Main Tank of Transformer, 50MVA, 90",India,Cameroon,1 NOS,651025.0,50000.0,,,,True
11-Oct-24,85042320.0,"T&R MAKE SPARES FOR 90 MVA, 132/34.5 KV",India,Iraq,1 NOS,69535.74,90000.0,,132.0,34.5,False
11-Oct-24,85042310.0,"33/0.415KV, 300 KVA, EARTHING TRANS",India,Nigeria,1 NOS,34659.78,300.0,,33.0,0.415,False
11-Oct-24,85042310.0,SUPP DETAILS:HITACHI ENERGY INDIA L,India,Cameroon,1 NOS,,,,,,False
11-Oct-24,85042310.0,"33/0.415KV, 300 KVA, EARTHING TRANS",India,Nigeria,1 NOS,34659.78,300.0,,33.0,0.415,False
10-Oct-24,85042310.0,SUPP DETAILS:HITACHI ENERGY INDIA L,India,Cameroon,1 NOS,,,,,,False
10-Oct-24,85042310.0,SUPP DETAILS:HITACHI ENERGY INDIA L,India,Cameroon,1 NOS,,,,,,False
10-Oct-24,85042310.0,"Main Tank of Transformer, 50MVA, 22",India,Cameroon,1 NOS,726088.2,50000.0,,,,True
10-Oct-24,85042310.0,SUPP DETAILS:HITACHI ENERGY INDIA L,India,Cameroon,1 NOS,,,,,,False
10-Oct-24,85042310.0,"Main Tank of Transformer, 50MVA, 90",India,Cameroon,1 NOS,651025.0,50000.0,,,,True
10-Oct-24,85042310.0,"Main Tank of Transformer, 50MVA, 22",India,Cameroon,1 NOS,726088.2,50000.0,,,,True
10-Oct-24,85042310.0,SUPP DETAILS:HITACHI ENERGY INDIA L,India,Cameroon,1 NOS,,,,,,False
10-Oct-24,85042310.0,"Main Tank of Transformer, 50MVA, 90",India,Cameroon,1 NOS,651025.0,50000.0,,,,True
10-Oct-24,85042310.0,POWER TRANSFORMER ELECTROTHERM 28/36.4/4,India,Guatemala,1 NOS,305137.52,,,,,True
9-Oct-24,85042320.0,"T&R MAKE 72/90 MVA,132/34.5 KV POWER TRA",India,Iraq,1 NOS,878753.21,90000.0,,132.0,34.5,False
9-Oct-24,85042320.0,"T&R MAKE 72/90 MVA,132/34.5 KV POWER TRA",India,Iraq,1 NOS,878753.21,90000.0,,132.0,34.5,False
9-Oct-24,85042320.0,"T&R MAKE 72/90 MVA,132/34.5 KV POWER TRA",India,Iraq,1 NOS,878753.21,90000.0,,132.0,34.5,False
9-Oct-24,85042320.0,"T&R MAKE 72/90 MVA,132/34.5 KV POWER TRA",India,Iraq,1 NOS,878753.21,90000.0,,132.0,34.5,False
9-Oct-24,85042310.0,"Main Tank of Transformer, 32/40/50M",India,Cameroon,1 NOS,651025.0,,,,,True
9-Oct-24,85042310.0,POWER TRANSFORMER ELECTROTHERM 28/36.4/4,India,Guatemala,1 NOS,305137.52,,,,,True
9-Oct-24,85042310.0,SUPP DETAILS:HITACHI ENERGY INDIA L,India,Cameroon,1 NOS,,,,,,False
9-Oct-24,85042310.0,SUPP DETAILS:HITACHI ENERGY INDIA L,India,Cameroon,1 NOS,,,,,,False
9-Oct-24,85042320.0,"T&R MAKE 75/90 MVA,132/34.5 KV POWER TRA",India,Iraq,1 NOS,881460.25,90000.0,,132.0,34.5,False
9-Oct-24,85042320.0,"T&R MAKE 72/90 MVA,132/34.5 KV POWER TRA",India,Iraq,1 NOS,878753.21,90000.0,,132.0,34.5,False
9-Oct-24,85042320.0,"T&R MAKE 72/90 MVA,132/34.5 KV POWER TRA",India,Iraq,1 NOS,878753.21,90000.0,,132.0,34.5,False
9-Oct-24,85042310.0,"Main Tank of Transformer,32/40/50MV",India,Cameroon,1 NOS,726088.2,,,,,True
9-Oct-24,85042320.0,"T&R MAKE 75/90 MVA,132/34.5 KV POWER TRA",India,Iraq,1 NOS,881460.25,90000.0,,132.0,34.5,False
9-Oct-24,85042320.0,"T&R MAKE 72/90 MVA,132/34.5 KV POWER TRA",India,Iraq,1 NOS,878753.21,90000.0,,132.0,34.5,False
9-Oct-24,85042310.0,SUPP DETAILS:HITACHI ENERGY INDIA L,India,Cameroon,1 NOS,,,,,,False
9-Oct-24,85042310.0,"Main Tank of Transformer, 32/40/50M",India,Cameroon,1 NOS,651025.0,,,,,True
9-Oct-24,85042320.0,"T&R MAKE 72/90 MVA,132/34.5 KV POWER TRA",India,Iraq,1 NOS,878753.21,90000.0,,132.0,34.5,False
9-Oct-24,85042320.0,"T&R MAKE 75/190 MVA,132/34.5 KV POWER TR",India,Iraq,1 NOS,881460.25,190000.0,,132.0,34.5,False
5-Oct-24,85042310.0,"TRANSFORMER 2.2MVA, 0.4/11KV,OLTC, 2WIND",India,Kenya,1 SET,71325.17,2200.0,,0.4,11.0,True
5-Oct-24,85042310.0,As per purchase under 0.1% IGST for Exp,India,Kenya,0 NOS,,,,,,False
1-Oct-24,85042310.0,1 PHASE FURNACE TRANSFORMER FURNACE EQU,India,Tanzania,2 NOS,159425.29,,,,,True
1-Oct-24,85042310.0,1 PHASE FURNACE TRANSFORMER FURNACE EQU,India,Tanzania,2 NOS,159425.29,,,,,True
30-Sep-24,85042330.0,"120MVA, 132/20-20kV, 3-Ph Power Transformer SI. No. 90830A01",India,Netherlands,1 NOS,1063321.24,120000.0,,,,True
30-Sep-24,85042330.0,"120MVA, 132/20-20kV, 3-Ph Power Transformer SI. No. 90830A02",India,Netherlands,1 NOS,1063321.24,120000.0,,,,True
30-Sep-24,85042329000.0,TOROIDAL TRANSFORMER,China,Philippines,284 UNT,5106.3,,,,,True
30-Sep-24,85042330.0,"120MVA, 132/20-20kV, 3-Ph Power Transformer SI. No. 90830A01",India,Belgium,1 NOS,1063321.24,120000.0,,,,True
30-Sep-24,85042330.0,"120MVA, 132/20-20kV, 3-Ph Power Transformer SI. No. 90830A02",India,Belgium,1 NOS,1063321.24,120000.0,,,,True
30-Sep-24,85042329000.0,35 PCS LED LIGHTING FIXTURE DRIVER,China,Philippines,35 UNT,455.0,,,,,False
29-Sep-24,85042390.0,VOLTAGE TRANSFORMER,Estonia,Bangladesh,1 UNT,16175.7,,,,,True
29-Sep-24,85042329.0,23 MVA 66-11 KV POWER TRANSFORMER COMPLETE WITH ACCESSORIES AS PER PACKING LIST NO E1128-230110,Indonesia,New Zealand,1 NIU,538549.5,23000.0,,,,True
29-Sep-24,85042329.0,23 MVA 66-11 KV POWER TRANSFORMER COMPLETE WITH ACCESSORIES AS PER PACKING LIST NO E1128-230109,Indonesia,New Zealand,1 NIU,538549.5,23000.0,,,,True
26-Sep-24,85042310.0,"TRANSFORMER 2.2MVA, 0.4/11KV,OLTC, 2WINDING DYN11 INVERTER DUTY WITH SPARE PARTS / ACCESSORIES / COMPONENT",India,Kenya,1 SET,696.78,2200.0,,0.4,11.0,True
26-Sep-24,85042340.0,AC-DC CNVRTR 3.3V 5V 4X12V 982W.,China,India,1 PCS,175.68,,,,,False
26-Sep-24,85042310.0,TEPCO DAANI ASO S/S 1B20 MVA 23 TAP50Db TRANSFORMER,India,Japan,1 NOS,118985.2,20000.0,,,,True
26-Sep-24,85042310.0,"""As per purchase under 0.1% IGST for Export Tax DOCUMENT :ORB/2425/01dt :26.09.2024 GST No .24AADCS3108B1Z2,Supplier Name :Sh",India,Kenya,0 NOS,,,,,,False
25-Sep-24,85042330.0,"105 MVA, 400/V3/220/V3/33 KV SINGLE PHASE AUTO TRANSFORMER OUTDOOR TYPE, COMPLETE WITH ALL FITTINGS AND SPARE PARTS / ACCESSORIES / COMPONENT",India,Nepal,1 NOS,626931.92,105000.0,,3.0,33.0,True
24-Sep-24,85042329.0,AUTO PARTS; IC REGULATOR A8,Japan,Indonesia,5 PCE,3.0,,,,,False
24-Sep-24,85042330.0,"105 MVA, 400/V3/220/V3/33 KV SINGLE PHASE AUTO TRANSFORMER OUTDOOR TYPE, COMPLETE WITH ALL FITTINGS AND SPARE PARTS / ACCESSORIES / COMPONENT",India,Nepal,1 NOS,626931.92,105000.0,,3.0,33.0,True
24-Sep-24,85042329000.0,PERMALLOY CORE,Japan,Philippines,7500 UNT,52.8,,,,,False
24-Sep-24,85042329000.0,DUST CORE,Japan,Philippines,80 UNT,0.8,,,,,False
24-Sep-24,85042329000.0,FERRITE CORE,Japan,Philippines,152000 UNT,1071.7,,,,,False
23-Sep-24,85042320.0,"MANUFACTURING -Hitachi Energy India Ltd, Power Transformers. TAX INV NO: 242401000746 DATED25.05.2024,GST NO-24AARCA9513E1ZN",India,Tanzania,1 NOS,,,,,,True
23-Sep-24,85042320.0,"60 MVA, 132/33 KV POWER TRANSFORMER Transformer Serial no 1LIN23600100065",India,Tanzania,1 NOS,692158.51,60000.0,,132.0,33.0,True
23-Sep-24,85042320.0,"Notify 1-Tanzania Electric Supply Company Limited TANESCO.Plot 114, Block G, Dar Es Salaam Road,Dodoma, Tanzania, P.O.",India,Tanzania,1 NOS,,,,,,False
23-Sep-24,85042330.0,"105 MVA, 400/V3/220/V3/33 KV SINGLE PHASE AUTO TRANSFORMER OUTDOOR TYPE, COMPLETE WITH ALL FITTINGS AND SPARE PARTS / ACCESSORIES / COMPONENT",India,Nepal,1 NOS,626931.92,105000.0,,3.0,33.0,True
23-Sep-24,85042310000.0,SPARE PARTS FOR CERAMIC MACHINERY- 000400 CC08010049 TRANSFORMER BRAND BRAHMA QTY 1 PC,Italy,Philippines,1 UNT,59.3,,,,,True
23-Sep-24,85042330.0,"105 MVA, 400/V3/220/V3/33 KV SINGLE PHASE AUTO TRANSFORMER OUTDOOR TYPE, COMPLETE WITH ALL FITTINGS AND SPARE PARTS / ACCESSORIES / COMPONENT",India,Nepal,1 NOS,626931.92,105000.0,,3.0,33.0,True
23-Sep-24,8504230000.0,"Power adapter - LIQUID DIELECTRIC TRANSFORMERS , HAVING A POWER HANDLING CAPACITY EXCEEDING 10 , 000 KVA",China,Nigeria,1 KGS,48.45,0.0,,,,False
20-Sep-24,85042310.0,"ELECTRICAL TRANSFORMERS, 15MVA, 33/11.5KV, DYN11,COPPER SR NO. 5273503 AS PER DOCUMENT",India,United Kingdom,1 NOS,290741.62,15000.0,,33.0,11.5,True
19-Sep-24,85042320.0,ELECTRICAL ITEMS -- 1500 VA TRANSFORMER,India,Maldives,1 NOS,140.44,,,,,True
19-Sep-24,85042329000.0,FERRITE CORE,Japan,Philippines,16400 UNT,115.6,,,,,False
19-Sep-24,85042322000.0,1 SET POWER TRANSFORMER S-25000-69-13.8 kVRated Capacity 25000kVAVoltage Ration 69-13.8 kV,China,Philippines,1 PCS,136500.0,25000.0,,,,True
18-Sep-24,85042329.0,100 MVA 110-33 KV POWER TRANSFORMER COMPLETE WITH ACCESSORIES DETAILEDEDED AS PER PACKING LIST NO.E1107 - 230062-63,Indonesia,New Zealand,2 NIU,2738323.35,100000.0,,,,False
18-Sep-24,85042329000.0,2 VP72TA450 POWER SUPPLY,Hong Kong,Philippines,2 UNT,160.0,,,,,False
17-Sep-24,85042329.0,CURRENT TRANSFORMER - PCT150-5A CL5P10 15VA,Malaysia,Indonesia,30 PCE,1089.78,,,,,True
17-Sep-24,85042329.0,CURRENT TRANSFORMER - PCT600-5A CL5P10 15VA,Malaysia,Indonesia,15 PCE,287.32,,,,,True
17-Sep-24,85042329.0,CURRENT TRANSFORMER - PCT5000-5A CL 5P10 15VA ID125,Malaysia,Indonesia,25 PCE,808.45,,,,,True
17-Sep-24,85042329.0,"AUTO TRANSFORMER - AT 415V 3P , 37.5KW-50HP 4 TAPPING",Malaysia,Indonesia,1 PCE,259.28,,,,,True
17-Sep-24,85042329.0,CURRENT TRANSFORMER - PCT200-5A CL5P10 15VA,Malaysia,Indonesia,8 PCE,297.96,,,,,True
17-Sep-24,85042329.0,CURRENT TRANSFORMER - MCT2500-5A CL1 15VA,Malaysia,Indonesia,10 PCE,153.99,,,,,True
17-Sep-24,85042320.0,"Notify 1-Tanzania Electric Supply Company Limited TANESCO.Plot 114, Block G, Dar Es Salaam Road,Dodoma, Tanzania, P.O.",India,Tanzania,1 NOS,,,,,,False
17-Sep-24,85042329.0,CURRENT TRANSFORMER - PCT 100-5A 5P10 5VA,Malaysia,Indonesia,50 PCE,919.51,,,,,True
17-Sep-24,85042329000.0,STC 48 PKGS OF 2 UNITS POWER TRANSFORMER 55 68 75MVA 110KV WITH PARTS AND ACCESORIES SIEMENS ENERGY,China,Philippines,101 PCS,2047460.0,75000.0,,,,True
17-Sep-24,85042329000.0,"375 MVA , 240KV±9*1.25%-16.5KV STEP UP GENERATOR TRANSFORMER CKD IN 22 PACKAGES",China,Philippines,1 PCS,1653400.0,375000.0,,,,True
17-Sep-24,85042329.0,CURRENT TRANSFORMER - MCT1000-5A CL0.5 15VA,Malaysia,Indonesia,50 PCE,827.56,,,,,True
17-Sep-24,85042329.0,CURRENT TRANSFORMER - PCT4000-5A CL5P10 15VA ID125,Malaysia,Indonesia,20 PCE,574.75,,,,,True
17-Sep-24,85042320.0,"MANUFACTURING -Hitachi Energy India Ltd, Power Transformers. TAX INV NO: 242401000746 DATED25.05.2024,GST NO-24AARCA9513E1ZN",India,Tanzania,1 NOS,,,,,,True
17-Sep-24,85042320.0,"60 MVA, 132/33 KV POWER TRANSFORMER Transformer Serial no 1LIN23600100065",India,Tanzania,1 NOS,692158.51,60000.0,,132.0,33.0,True
17-Sep-24,85042329.0,CURRENT TRANSFORMER - PCT 150-5A 5P10 5VA,Malaysia,Indonesia,20 PCE,367.8,,,,,True
17-Sep-24,85042329.0,CURRENT TRANSFORMER - PCT1000-5A CL5P10 15VA,Malaysia,Indonesia,30 PCE,609.2,,,,,True
17-Sep-24,85042329.0,CURRENT TRANSFORMER - PCT800-5A CL5P10 15VA,Malaysia,Indonesia,74 PCE,1304.3,,,,,True
17-Sep-24,85042329.0,CURRENT TRANSFORMER - PCT250-5A CL5P10 15VA,Malaysia,Indonesia,2 PCE,66.07,,,,,True
17-Sep-24,85042329.0,ISOLATING TRANSFORMER - MED STD-LINE 6.3KVA ART NO.:71135-00,Czech Republic,Indonesia,1 PCE,1736.32,6.3,,,,True
16-Sep-24,850423000000.0,NEW AC POWER SUPPLY,China,Tanzania,150 NMB,1384.83,,,,,False
16-Sep-24,85042310.0,"POWER TRANSFORMER 10/12,5 MVA, 67/13.2 KV Freight DOCUMENT no.652000030 valueincld in this DOCUMENT of USD 4700",India,Philippines,1 NOS,203959.2,5000.0,,67.0,13.2,True
16-Sep-24,85042329000.0,ADAPTER (48.5 X 44.5 X 32),China,Philippines,12500 PCS,1625.0,,,,,False
16-Sep-24,850423000000.0,NEW AC POWER SUPPLY,China,Tanzania,150 NMB,1384.83,,,,,False
16-Sep-24,850423000000.0,NEW AC POWER SUPPLY,China,Tanzania,150 NMB,1384.83,,,,,False
15-Sep-24,85042340.0,GLASSIOWHITE 12M PLATE,India,Nepal,55 PCS,116.68,,,,,False
15-Sep-24,85042340.0,NIXONA.W. 2M STEP MARKER,India,Nepal,95 PCS,313.5,,,,,False
15-Sep-24,85042340.0,AIR BLANK MODULE,India,Nepal,1500 PCS,282.86,,,,,False
15-Sep-24,85042340.0,AIR BLANK MODULE,India,Nepal,1500 PCS,282.86,,,,,False
30-Sep-24,85042329000.0,TOROIDAL TRANSFORMER,China,Philippines,284 UNT,5106.3,,,,,True
30-Sep-24,85042329000.0,35 PCS LED LIGHTING FIXTURE DRIVER,China,Philippines,35 UNT,455.0,,,,,False
26-Sep-24,85042340.0,AC-DC CNVRTR 3.3V 5V 4X12V 982W.,China,India,1 PCS,175.68,,,,,False
23-Sep-24,8504230000.0,"Power adapter - LIQUID DIELECTRIC TRANSFORMERS , HAVING A POWER HANDLING CAPACITY EXCEEDING 10 , 000 KVA",China,Nigeria,1 KGS,48.45,0.0,,,,False
19-Sep-24,85042322000.0,1 SET POWER TRANSFORMER S-25000-69-13.8 kVRated Capacity 25000kVAVoltage Ration 69-13.8 kV,China,Philippines,1 PCS,136500.0,25000.0,,,,True
17-Sep-24,85042329000.0,STC 48 PKGS OF 2 UNITS POWER TRANSFORMER 55 68 75MVA 110KV WITH PARTS AND ACCESORIES SIEMENS ENERGY,China,Philippines,101 PCS,2047460.0,75000.0,,,,True
17-Sep-24,85042329000.0,"375 MVA , 240KV±9*1.25%-16.5KV STEP UP GENERATOR TRANSFORMER CKD IN 22 PACKAGES",China,Philippines,1 PCS,1653400.0,375000.0,,,,True
16-Sep-24,850423000000.0,NEW AC POWER SUPPLY,China,Tanzania,150 NMB,1384.83,,,,,False
16-Sep-24,85042329000.0,ADAPTER (48.5 X 44.5 X 32),China,Philippines,12500 PCS,1625.0,,,,,False
16-Sep-24,850423000000.0,NEW AC POWER SUPPLY,China,Tanzania,150 NMB,1384.83,,,,,False
16-Sep-24,850423000000.0,NEW AC POWER SUPPLY,China,Tanzania,150 NMB,1384.83,,,,,False
14-Sep-24,85042329.0,POWER TRANSFORMER,China,Indonesia,2 SET,736309.62,,,,,True
13-Sep-24,85042329.0,SDH COMMUNICATION PANEL OF 150 KV OUTDOOR SWITCHYARD,China,Indonesia,1 SET,10000.0,,,,,False
13-Sep-24,85042310.0,Presented SKD for the assembly industry,China,Ethiopia,16 UNT,256773.4,,,,,False
11-Sep-24,85042310.0,RECTIFIER GP,China,Bangladesh,1 UNT,89.39,,,,,False
11-Sep-24,85042310000.0,1 SET TRANSFORMER SF-12500-67-13.2,China,Philippines,1 PCS,89600.0,,,,,True
9-Sep-24,85042390.0,TRANSFORMER,China,Bangladesh,3 UNT,90.66,,,,,True
9-Sep-24,85042322000.0,"CHINT , 20-25MVA POWER TRANSFORMER , QTY: 1 SET",China,Philippines,1 PCS,325315.2,25000.0,,,,True
9-Sep-24,85042390.0,Transformer (SPARE PARTS For Printing Machine),China,Bangladesh,1 UNT,120.91,,,,,True
6-Sep-24,85042321000.0,1SET 16-20 MVA OIL-IMMERSED POWER TRANSFORMER 69-13.8KV BRAND: CHINT,China,Philippines,1 PCS,156730.0,20000.0,,,,True
6-Sep-24,85042390.0,"Electrical transformers , static converters (for example , rectifiers) and inductors. , Having a power handling capacity exceeding 10 , 000 kVA: , Other",China,Ethiopia,2 UNT,856429.51,0.0,,,,True
5-Sep-24,85042310.0,LIFUD DRIVER 2216010069,China,Indonesia,10 PCE,17.0,,,,,False
5-Sep-24,85042310.0,"400-132-33KV , 225-325 MVA , 3-PHASE POWER TRANSFORMER , HV BUSHING , LV BUSHING , RADIATO",China,Bangladesh,2 UNT,5587390.0,325000.0,,,,True
5-Sep-24,85042310.0,LIFUD DRIVER 2216020049,China,Indonesia,9 PCE,7.74,,,,,False
4-Sep-24,85042321.0,ELECTRIC FURNACE TRANSFORMER,China,Indonesia,2 SET,494115.0,,,,,True
4-Sep-24,850423000000.0,MAIN BODY POWER TRANSFORMER WITH ITS ACCESSORIES,China,Tanzania,1 NMB,589121.35,,,,,True
4-Sep-24,850423000000.0,MAIN BODY POWER TRANSFORMER WITH ITS ACCESSORIES,China,Tanzania,1 NMB,589121.35,,,,,True
4-Sep-24,8504230000.0,"500K VA 11-0.4K V , DYN11 50HZ + 2.5% FIVE POSITION OFF CIRCUIT TAP CHARGER - LIQUID DIELECTRIC TRANSFORMERS , HAVING A POWER HANDLING CAPACITY EXCEEDING 10 , 000 KVA",China,Nigeria,1000 KGS,14627.14,0.0,,,,False
2-Sep-24,85042390.0,"Electrical transformers , static converters (for example , rectifiers) and inductors. , Having a power handling capacity exceeding 10 , 000 kVA: , Other",China,Ethiopia,3 UNT,2792746.73,0.0,,,,True
2-Sep-24,850423000000.0,TRANSFORMER,China,Tanzania,1000 NMB,16277.22,,,,,True
2-Sep-24,850423000000.0,TRANSFORMER,China,Tanzania,1000 NMB,16277.22,,,,,True
2-Sep-24,85042329.0,MEAN WELL POWER SUPPLY NDR-75-48,China,Indonesia,960 PCE,12522.94,,,,,False
2-Sep-24,850423000000.0,TRANSFORMER,China,Tanzania,1000 NMB,16277.22,,,,,True
2-Sep-24,850423000000.0,TRANSFORMER,China,Tanzania,1000 NMB,16277.22,,,,,True
30-Aug-24,85042300000.0,RECTIFIER TRANSFORMER,China,Uganda,2 NOS,11165.0,,,,,True
30-Aug-24,85042329000.0,TR MOSFET N-CH 25V 220MA SOT-23,China,Philippines,600 UNT,42.6,,,,,False
30-Aug-24,85042390.0,"TWO WAY TRANSFORMERS , ,",China,Sri Lanka,18 NIU,72.0,,,,,True
30-Aug-24,8504230009.0,"1) Three-phase power transformer SFSZ -25000 -115 -38 ,5 -11th . New 2024 production . Disassembled , Comprises : Transformer main tank - 2 PCS ., - weight : 121484 kg , count . ...",China,Uzbekistan,2 PCS,460000.0,,,,,False
29-Aug-24,8504230000.0,8504230000 - - Liquid dielectric transformers of a,China,Ivory Coast,52 COL,983048.59,,,,,True
29-Aug-24,85042310000.0,1 SET TRANSFORMER SFZ 12500 67-13.2,China,Philippines,1 PCS,114900.0,,,,,True
28-Aug-24,85042310.0,"132-33KV , 80-120 MVA POWER TRANSFORMER",China,Bangladesh,3 UNT,2651910.0,120000.0,,,,True
28-Aug-24,85042301.0,COMPLETE CURRENT TRANSFORMER DISASSEMBLED WITH ITS PARTS AND INSTALLATION ACCESSORIES FOR ITS CORRECT AND GOOD OPERATION,China,Mexico,1 PCS,573950.01,,,,,False
28-Aug-24,85042329.0,SUBMERGED ARC FURNACE TRANSFORMER,China,Indonesia,2 SET,512830.0,,,,,True
27-Aug-24,85042300.0,3017527,China,Burundi,1 NMB,13.92,,,,,False
27-Aug-24,85042329000.0,29 PACKAGES STC 1 UNIT POWER TRANSFORMER WITH ACCESSORIES AND SPARE PARTS SPECS 35KV-750KV MODEL SFZ-60000-69 BRAND CHINT,China,Philippines,1 PCS,604786.3,,,35.0,750.0,True
27-Aug-24,85042329000.0,29 PACKAGES STC 1 UNIT POWER TRANSFORMER WITH ACCESSORIES AND SPARE PARTS SPECS 35KV-750KV MODEL SFZ-60000-69 BRAND CHINT,China,Philippines,1 PCS,604786.3,,,35.0,750.0,True
27-Aug-24,85042390.0,IGNITION TRANSFORMER,China,Bangladesh,200 UNT,182.42,,,,,True
25-Aug-24,85042390.0,TRANSFORMER,China,Bangladesh,2 UNT,35.14,,,,,True
22-Aug-24,85042329000.0,1 PKG OF 20-25 MVA OIL-IMMERSED POWER TRANSFORMER 69-34.5KV BRAND CHINT,China,Philippines,1 PCS,184741.2,25000.0,,,,True
22-Aug-24,850423.0,HR22219 ACCESSORIES,China,United States,2 PKG,,,,,,False
22-Aug-24,8504230000.0,3F POWER TRANSFORMER,China,Ecuador,1 NOS,255331.0,,,,,True
22-Aug-24,8504230000.0,3FPOWER TRANSFORMER,China,Ecuador,1 NOS,207969.0,,,,,True
22-Aug-24,8504230000.0,3F POWER TRANSFORMER,China,Ecuador,1 NOS,255331.0,,,,,True
21-Aug-24,85042329.0,STEP-DOWN TRANSFORMER SZ-40000-37,China,Indonesia,2 NIU,605773.0,,,,,True
21-Aug-24,85042321.0,STEP-DOWN TRANSFORMER SZ-20000-37,China,Indonesia,2 NIU,436317.0,,,,,True
20-Aug-24,85042390.0,TRANSFORMER,China,Bangladesh,8 UNT,48.44,,,,,True
19-Aug-24,85042310.0,CONSTANT VOLTAGE LED DRIVER 3+EET-OTM-SS24-E24,China,Indonesia,200 PCE,700.0,,,,,False
19-Aug-24,85042310.0,CONSTANT VOLTAGE LED DRIVER 3+RYPE-TL60TV24,China,Indonesia,20 PCE,260.0,,,,,False
19-Aug-24,85042300000.0,RECTIFIER TRANSFORMER,China,Uganda,2 NOS,11165.0,,,,,True
19-Aug-24,85042310.0,CONSTANT VOLTAGE LED DRIVER 3+RYPE-TL150TV24,China,Indonesia,30 PCE,720.0,,,,,False
19-Aug-24,85042310.0,CONSTANT VOLTAGE LED DRIVER 3+RYPE-TL100TV24,China,Indonesia,30 PCE,525.0,,,,,False
19-Aug-24,85042310.0,CONSTANT VOLTAGE LED DRIVER 3+EET-HD100-24-S50,China,Indonesia,200 PCE,2490.0,,,,,False
19-Aug-24,85042310.0,CONSTANT VOLTAGE LED DRIVER 3+EET-HD060-24-S9,China,Indonesia,200 PCE,1720.0,,,,,False
18-Aug-24,85042329000.0,SWITCHING POWER SUPPLY 1PC,China,Philippines,1 PCS,16.0,,,,,False
16-Aug-24,85042321.0,"Transformer SF11-16000-115 GY (3-phase transformer, oil-immersed type, using liquid dielectric, outdoor, not used in explosion-proof, voltage 115-6.3kv, capacity 16000KVA, brand:...",China,Vietnam,2 PCE,330000.0,16000.0,,,,True
15-Aug-24,85042390.0,132-33KV 80-120MVA POWER TRANSFORMER W.S.ACC.,China,Bangladesh,2 UNT,1832900.0,120000.0,,,,True
15-Aug-24,85042300.0,16TH PARTIAL SHIPMENT OF 84MW GORKIN MATILTAN HYDRO POWER PROJECT FOR DESIGN MANUFACTURING MODEL TESTING OF TURBINE AND SUPPLY OF TURBINE AND GENERATOR AND MACHINERY ALONG WITH ALL...,China,Pakistan,1 UNT,1206650.68,,,,,False
15-Aug-24,85042300.0,16TH PARTIAL SHIPMENT OF 84MW GORKIN MATILTAN HYDRO POWER PROJECT FOR DESIGN MANUFACTURING MODEL TESTING OF TURBINE AND SUPPLY OF TURBINE AND GENERATOR AND MACHINERY ALONG WITH ALL...,China,Pakistan,1 UNT,845161.0,,,,,False
15-Aug-24,85042329000.0,4 LOTS COUPLING TRANSFORMER,China,Philippines,4 UNT,3743952.0,,,,,True
15-Aug-24,85042300.0,16TH PARTIAL SHIPMENT OF 84MW GORKIN MATILTAN HYDRO POWER PROJECT FOR DESIGN MANUFACTURING MODEL TESTING OF TURBINE AND SUPPLY OF TURBINE AND GENERATOR AND MACHINERY ALONG WITH ALL...,China,Pakistan,2 UNT,4585692.0,,,,,False
13-Aug-24,85042390.0,TRANSFORMER,China,Bangladesh,3 UNT,509.68,,,,,True
13-Aug-24,8504230009.0,"1 . OIL TRANSFORMER , three-phase , RATED POWER 10000 kVA , VOLTAGE 110 -U1 , WITH ACCESSORIES AND SPARE PARTS FOR INSTALLATION , Part of the kit - count . 2 PCS , weight : 48780 ...",China,Uzbekistan,2 PCS,180000.0,10000.0,,,,True
13-Aug-24,8504230000.0,"TRANSFORMING BODY , CHINT , SFSZ -75000 -220 |ITEM : 23181 ; POWER TRANSFORMER |USE : CONSTRUCTION OF TRANSMISSION LINES AND ELECTRICAL SUBSTATIONS |POWER TRANSFORMER BODY 220 -60K...",China,Peru,1 SET,1114206.23,,,,,True
13-Aug-24,8504230009.0,"1 . OIL TRANSFORMER , three-phase , RATED POWER 10000 kVA , VOLTAGE 110 -U1 , Part of the kit - count . 2 PCS , weight : 16690 kg 2 . seats 33 , 33 seats 8 . 000 9 . 000 10 . 2024...",China,Uzbekistan,2 PCS,40000.0,10000.0,,,,True
13-Aug-24,85042310.0,230-132-33KV 350-450MVA (ONAN-ONAF) T. P. AUTO TRANSFORMER,China,Bangladesh,2 UNT,4962390.0,450000.0,,,,True
12-Aug-24,850423000000.0,Transformer,China,Tanzania,2 NMB,213.72,,,,,True
12-Aug-24,850423000000.0,Transformer,China,Tanzania,2 NMB,213.72,,,,,True
12-Aug-24,85042329.0,STEP-DOWN TRANSFORMER 31500KVA,China,Indonesia,2 NIU,560209.0,31500.0,,,,True
12-Aug-24,8504230009.0,"1) Power transformer (oil) type : SFSZ -25000 -115 -35 -10 (with accessories) Disassembled . Electrical device designed to convert AC voltages current, while maintaining its ...",China,Uzbekistan,1 PCS,300000.0,,,,,False
11-Aug-24,85042390.0,TRANSFORMER,China,Bangladesh,11 UNT,336.56,,,,,True
9-Aug-24,8504230009.0,"1) Power type transformer : SFSZ -25000 -115 -35 -10 (with accessories) Disassembled . Electrical device designed to convert AC voltages current, while maintaining its frequenc...",China,Uzbekistan,1 PCS,300000.0,,,,,False
9-Aug-24,85042301.0,OIL POWER TRANSFORMERS DFSZ 125000 400 WITH ITS ACCESSORIES,China,Mexico,2 PCS,2984688.0,,,,,True
9-Aug-24,85042300000.0,RECTIFIER TRANSFORMER,China,Uganda,2 NOS,11165.0,,,,,True
8-Aug-24,85042310.0,"Synchronous rectifier transformer (used to regulate voltage for 20-ton medium frequency furnace) . Model: ZSSP-14000-35 , no brand , rated capacity 14000KVA , voltage 35KV. 1...",China,Vietnam,1 SET,84000.0,14000.0,,,,True
8-Aug-24,85042301.0,DISASSEMBLED LIQUID DIELECTRIC AUTOTRANSFORMER WITH ITS PARTS FOR ITS ASSEMBLY AND GOOD OPERATION,China,Mexico,1 PCS,1011893.31,,,,,False
8-Aug-24,85042301.0,DISASSEMBLED LIQUID DIELECTRIC AUTOTRANSFORMER WITH ITS PARTS FOR ITS ASSEMBLY AND GOOD OPERATION,China,Mexico,1 PCS,1011892.93,,,,,False
8-Aug-24,85042301.0,DISASSEMBLED LIQUID DIELECTRIC AUTOTRANSFORMER WITH ITS PARTS FOR ITS ASSEMBLY AND GOOD OPERATION,China,Mexico,1 PCS,1011893.31,,,,,False
8-Aug-24,85042301.0,SINGLE PHASE POWER AUTOTRANSFORMER OUTDOOR SERVICE CAPACITY OF 60 80 100 MVA COOLING ONAN ONAF ONAF 60 HZ NOMINAL VOLTAGES 230YT 132 79 115YT 66 395 34 5 KV CONNECTION OF STAR WIN...,China,Mexico,1 PCS,1116766.17,100000.0,,,,True
7-Aug-24,85042301.0,TRANSFORMER WITH ALL ITS ACCESSORIES FOR ITS CORRECT OPERATION,China,Mexico,1 PCS,440392.0,,,,,True
7-Aug-24,85042301.0,TRANSFORMER WITH ALL ITS PARTS AND ACCESSORIES FOR ITS CORRECTNESS OPERATION,China,Mexico,1 PCS,440392.0,,,,,True
7-Aug-24,85042390.0,CHARGING TREASURE,China,Malawi,2,8.98,,,,,False
6-Aug-24,85042329.0,STABILER TRANSFORMER,China,Indonesia,6 SET,19919.0,,,,,True
6-Aug-24,85042330.0,SUPPLY OF REGULATING AND RECTIFIER HAVING A POWER HANDLINGCAPACITY EXCEEDING 100000 KVA BUT NOT 250000 KVA,China,India,2 NOS,6358977.95,100000.0,,,,True
6-Aug-24,85042301.0,COMPLETE ELEVATED ELECTRICAL SUBSTATION SYSTEM DISASSEMBLED WITH ALL ITS PARTS AND ACCESSORIES FOR ITS CORRECT OPERATION BIAS,China,Mexico,1 PCS,145471.82,,,,,False
6-Aug-24,85042301.0,COMPLETE ELEVATED ELECTRICAL SUBSTATION SYSTEM DISASSEMBLED WITH ALL ITS PARTS AND ACCESSORIES FOR ITS CORRECT OPERATION BIAS,China,Mexico,1 PCS,161660.64,,,,,False
5-Aug-24,85042329.0,TRANSFORMER,China,Indonesia,2 SET,173945.0,,,,,True
5-Aug-24,85042322000.0,POWER TRANSFORMER WITH ACCESSORIES AND SPARE PARTS SPECS 35KV 750KV MODEL SZ-25000-69 BRAND CHINT (1 UNIT),China,Philippines,1 PCS,390049.3,,,35.0,750.0,True
5-Aug-24,85042300.0,3017527,China,Burundi,12 NMB,21.97,,,,,False
5-Aug-24,8504230000.0,75MVA POWER TRANSFORMER,China,Ecuador,1 NOS,353498.0,75000.0,,,,True
2-Aug-24,8504230009.0,"1 . POWER TRANSFORMER OVEN 115 -38 .5 -6 .6KV 180MVA (PARTIALLY DISASSEMBLED FOR EASY TRANSPORTATION ), POWER TRANSFORMER OVEN 115 -38 .5 -6 .6KV 180MVA (PARTIALLY DISASSEMBLED F...",China,Kazakhstan,1 PCS,,180000.0,,,,False
7/1/2024,85042320.0,"TRANSFORMERS 480V/0.9-3.811KV 600KVA STEP UP OIL COOLED CONVERTER DUTY TRANSFORMER MO/1123/995, MO/1123/996 DTLS AS PER",India,Libya,1 NOS,12799.35,600.0,,3.811,600.0,False
7/12/2023,85042320.0,"POWER TRANSFORMER 60/66 MVA,132/33kV COMPLETE WITH TRANSFORMER OIL FILLED,AVR &RTCC PANELS ALONGWITH SPARE&ACCESSORIES",India,Nigeria,2 NOS,1634669.93,66000.0,,132.0,33.0,False
7/6/2023,85042320.0,"POWER TRANSFORMER 60/66 MVA,132/33kV COMPLETE WITH TRANSFORMER OIL FILLED,AVR &RTCC PANELS ALONGWITH SPARE&ACCESSORIES",India,Nigeria,2 NOS,1634669.93,66000.0,,132.0,33.0,False
20-Aug-17,85042320.0,"TRANSFORMER >> TRANSFORMER COPPER 90 MVA 90000 KVA TRANSFORMER , COPPER WOUND , 3PHASE , OIL COOLED WITH M.S.TANK & TRANSFORMER OIL-AS PER DOCUMENT NO.ET10533A-A ; WOUN D , 3PH...",India,Malaysia,1 NOS,687645.56,90000.0,,,,False
18-Aug-17,85042320.0,"TRANSFORMER >> TRANSFORMER COPPER 90 MVA 90000 KVA TRANSFORMER , COPPER WOUND , 3PHASE , OIL COOLED WITH M.S.TANK & TRANSFORMER OIL-AS PER DOCUMENT NO.ET10533A-A ; WOUN D , 3PH...",India,Malaysia,1 NOS,681403.57,90000.0,,,,False
18-Aug-17,85042320.0,"TRANSFORMER >> TRANSFORMER COPPER 90 MVA 90000 KVA TRANSFORMER , COPPER WOUND , 3 PHASE , OIL COOLED WITH M.S.TANK & TRANSFORMER OIL-AS PER DOCUMENT NO.ET10533A ; WOUN D , 3 ;...",India,Malaysia,1 NOS,681403.57,90000.0,,,,False
23-Jun-17,85042320.0,"TRANSFORMER >> TRANSFORMER COPPER 90MVA 90000KVA TRANSFORMER , COPPER WOUND , 3 PHASE , OIL COOLED WITH M.S. TANK &TRANSFORMER OIL. 90 MVA 132-33 KV YNynO ; WOU ND , ; &...",India,Malaysia,1 NOS,679539.83,90000.0,,,,False
21-Jun-17,85042320.0,"TRANSFORMER >> TRANSFORMER COPPER 90MVA 90000KVA TRANSFORMER , COPPER WOUND , 3 PHASE , OIL COOLED WITH M.S. TANK &TRANSFORMER OIL. 90 MVA 132-33 KV YNynO ; WOU ND , ; &...",India,Malaysia,1 NOS,678502.75,90000.0,,,,False
15-Jun-17,85042320.0,"TRANSFORMER >> TRANSFORMER COPPER 66000 K V A THREEE PHASE TRANSFORMER COPPER WOUND OIL COOLED 66MVA , 132-33KV , 3-PH POWER TRANSFORMER , COMPLETE WITH ; CO PPER ; 13...",India,Nigeria,1 NOS,363371.08,66000.0,,,,False
8-Jun-17,85042320.0,"TRANSFORMER >> TRANSFORMER COPPER 61-333- 100000 KVA THREE PHASE TRANSFORMER COPPER WOUND OIL COOLED 100MVA , 132-33KV , 3-PH POWER TRANSFORMER , COMPLET ; TRANSFORM ER ...",India,Nigeria,1 NOS,501195.4,100000.0,,,,False
8-Jun-17,85042320.0,"TRANSFORMER >> TRANSFORMER COPPER 61-333- 66000 KVA THREE PHASE TRANSFORMER COPPER WOUND OIL COOLED 66MVA , 132-33KV , 3-PH POWER TRANSFORMER , COMPLETE ; TRANSFORME R ;...",India,Nigeria,1 NOS,365244.93,66000.0,,,,False
5-Jun-17,85042320.0,"TRANSFORMER >> TRANSFORMER COPPER 61-333- 66000 KVA THREE PHASE TRANSFORMER COPPER WOUND OIL COOLED 66MVA , 132-33KV , 3-PH POWER TRANSFORMER , COMPLETE ; TRANSFORME R ;...",India,Nigeria,1 NOS,364697.15,66000.0,,,,False
4-Jun-17,85042320.0,"TRANSFORMER >> TRANSFORMER COPPER 61-333- 66000 KVA THREE PHASE TRANSFORMER COPPER WOUND OIL COOLED 66MVA , 132-33KV , 3-PH POWER TRANSFORMER , COMPLETE ; TRANSFORME R ;...",India,Nigeria,1 NOS,364146.04,66000.0,,,,False
5-Apr-17,85042320.0,"TRANSFORMER >> POWER TRANSFORMERALONG 60-75MVA , 225-33-10 KV POWER TRANSFORMERALONG WITH ITS SPARE PARTS / ACCESSORIES / COMPONENT & INSULATING OIL DRUMS BEARING SR. NO. 12110-...",India,Mauritania,1 SET,718403.93,75000.0,,,,True
23-Mar-17,85042320.0,"TRANSFORMER >> TRANSFORMER COPPER 90MVA 90000KVA TRANSFORMER , COPPER WOUND , 3 PHASE , OIL COOLED WITH M.S. TANK &TRANSFORMER OIL. SUPPLY OF 2 X 60-90 MV ; WOU ND , ; &...",India,Malaysia,1 NOS,655360.48,90000.0,,,,False
23-Mar-17,85042320.0,"TRANSFORMER >> TRANSFORMER COPPER 90MVA 90000KVA TRANSFORMER , COPPER WOUND , 3 PHASE , OIL COOLED WITH M.S. TANK &TRANSFORMER OIL. SUPPLY OF 2 X 60-90MVA ; WOU ND , ; &...",India,Malaysia,1 NOS,655360.48,90000.0,,,,False
12-Mar-17,85042320.0,"TRANSFORMER >> TRANSFORMER COPPER 90 MVA 90000 KVA TRANSFORMER , COPPER WOUND , 3 PHASE , OIL COOLED WITH M.S. TANK& TRANSFORMER OIL. 90 MVA 132-33 KV , YN ; W OUND , ; ...",India,Malaysia,1 NOS,664456.43,90000.0,,,,False
10-Mar-17,85042320.0,"TRANSFORMER >> TRANSFORMER COPPER 90 MVA 90000 KVA TRANSFORMER , COPPER WOUND , 3 PHASE , OIL COOLED WITH M.S. TANK& TRANSFORMER OIL. 90 MVA 132-33 KV , YN ; W OUND , ; ...",India,Malaysia,1 NOS,663716.35,90000.0,,,,False
26-Jan-17,85042320.0,"TRANSFORMER >> TRANSFORMER COPPER 90 MVA 90000 KVA TRANSFORMER , COPPER WOUND , 3 PHASE , OIL COOLED WITH M.S. TANK& TRANSFORMER OIL. 90 MVA 132-33 KV , YN ; W OUND , ; ...",India,Malaysia,1 NOS,672301.82,90000.0,,,,False
24-Jan-17,85042320.0,"TRANSFORMER >> TRANSFORMER COPPER 90 MVA 90000 KVA TRANSFORMER , COPPER WOUND , 3 PHASE , OIL COOLED WITH M.S. TANK& TRANSFORMER OIL. 90 MVA 132-33 KV , YN ; W OUND , ; ...",India,Malaysia,1 NOS,662814.84,90000.0,,,,False
24-Jan-17,85042320.0,"TRANSFORMER >> TRANSFORMER COPPER 90 MVA 90000 KVA TRANSFORMER , COPPER WOUND , 3 PHASE , OIL COOLED WITH M.S. TANK& TRANSFORMER OIL. 90 MVA 132-33 KV , YN ; W OUND , ; ...",India,Malaysia,1 NOS,662814.84,90000.0,,,,False
31-Dec-16,85042320.0,"TRANSFORMER >> TRANSFORMER COPPER 60 MVA 60000 KVA TRANSFORMER , COPPER WOUND , 3 PHASE , OIL COOLED WITH M.S. TANK & TRANSFORMER OIL-AS PER DOCUMENT NO. ET 10779 ; WO UND , ...",India,Malaysia,1 NOS,551042.13,60000.0,,,,False
28-Dec-16,85042320.0,"TRANSFORMER >> TRANSFORMER COPPER 66.67 MVA 66670 KVA 1 PHASE TRANSFORMER , COPPER WOUND OIL COOLED WITH M.S. TANK AND TRANSFORMER OIL. 773200ABF AUTO TR ; TRANSFORME R , ;...",India,Malawi,2 NOS,850626.2,66670.0,,,,False
24-Dec-16,85042320.0,"TRANSFORMER >> TRANSFORMER COPPER 66.67 MVA 66670 KVA 1 PHASE TRANSFORMER , COPPER WOUND OIL COOLED WITH M.S. TANK AND TRANSFORMER OIL. 773200ABF AUTO TR ; TRANSFORME R , ;...",India,Malawi,2 NOS,855239.57,66670.0,,,,False
18-Dec-16,85042320.0,"TRANSFORMER >> TRANSFORMER COPPER 66.67 MVA 66670 KVA 1 PHASE TRANSFORMER , COPPER WOUND OIL COOLED WITH M.S. TANK AND TRANSFORMER OIL. 773200ABF AUTO TR ; TRANSFORME R , ;...",India,Malawi,2 NOS,855205.54,66670.0,,,,False
30-Oct-16,85042320.0,"TRANSFORMER >> TRANSFORMER COPPER 90 MVA 90000 KVA TRANSFORMER , COPPER WOUND , 3 PHASE , OIL COOLED WITH M.S. TANK& TRANSFORMER OIL. 90 MVA , 132-33 KV PO",India,Malaysia,1 NOS,670917.99,90000.0,,,,False
9-Oct-16,85042320.0,"TRANSFORMER >> TRANSFORMER COPPER 90 MVA 90000 KVA TRANSFORMER , COPPER WOUND , 3 PHASE , OIL COOLED WITH M.S. TANK &TRANSFORMER OIL-AS PER DOCUMENT NO.ET 10801 ; W OUND , 3...",India,Zimbabwe,1 NOS,463155.79,90000.0,,,,False
7-Oct-16,85042320.0,"TRANSFORMER >> TRANSFORMER COPPER 90 MVA 90000 KVA TRANSFORMER , COPPER WOUND , 3 PHASE , OIL COOLED WITH M.S. TANK &TRANSFORMER OIL-AS PER DOCUMENT NO.ET 10801 ; W OUND , 3...",India,Zimbabwe,1 NOS,462993.24,90000.0,,,,False
5-Oct-16,85042320.0,"TRANSFORMER >> POWER TRANSFORMER 132-33KV , 60-80 MVA POWER TRANSFORMER WITH ACCESSORIES AND OIL SR.NO.12109-001",India,Bangladesh,1 SET,600538.46,80000.0,,,,True
29-Sep-16,85042320.0,"TRANSFORMER >> TRANSFORMER COPPER 90 MVA 90000 KVA TRANSFORMER , COPPER WOUND , 3 PHASE , OIL COOLED WITH M.S. TANK& TRANSFORMER OIL. 90 MVA , 132-33 KV PO ; W OUND , ; ...",India,Malaysia,1 NOS,673031.38,90000.0,,,,False
29-Sep-16,85042320.0,"TRANSFORMER >> TRANSFORMER COPPER 90 MVA 90000 KVA TRANSFORMER , COPPER WOUND , 3 PHASE , OIL COOLED WITH M.S. TANK& TRANSFORMER OIL. 90 MVA , 132-33 KV PO ; W OUND , ; ...",India,Malaysia,1 NOS,673031.38,90000.0,,,,False
27-Jun-16,85042320.0,"TRANSFORMER >> TRANSFORMER COPPER 90 MVA 90000 KVA TRANSFORMER , COPPER WOUND , 3 PHASE , OIL COOLED WITH M.S. TANK& TRANSFORMER OIL. 90 MVA , 132-33 KV , Y",India,Malaysia,2 NOS,1337740.24,90000.0,,,,False
27-Mar-16,85042320.0,"TRANSFORMER >> TRANSFORMER COPPER 90 MVA 90000 KVA , TRANSFORMER , COPPER WOUND , 3 PHASE , OIL COOLED WITH M.S. TANK &TRANSFORMER OIL-AS PER DOCUMENT NO.ET 10647",India,Malaysia,1 NOS,516533.1,90000.0,,,,False
24-Mar-16,85042320.0,"TRANSFORMER >> TRANSFORMER COPPER 90 MVA 90000 KVA , TRANSFORMER , COPPER WOUND , 3 PHASE , OIL COOLED WITH M.S. TANK &TRANSFORMER OIL-AS PER DOCUMENT NO.ET 10647",India,Malaysia,1 NOS,516356.08,90000.0,,,,False
27-Feb-16,85042320.0,"TRANSFORMER >> TRANSFORMER COPPER 55 MVA 55000 KVA TRANSFORMER , COPPER WOUND , 3 PHASE , OIL COOLED WITH M.S. TANKAND TRANSFORMER OIL. - AS PER DOCUMENT .",India,Tanzania,1 NOS,350352.6,55000.0,,,,False
24-Feb-16,85042320.0,"TRANSFORMER >> TRANSFORMER COPPER 55 MVA 55000 KVA TRANSFORMER , COPPER WOUND , 3 PHASE , OIL COOLED WITH M.S. TANKAND TRANSFORMER OIL. - AS PER DOCUMENT .",India,Tanzania,1 NOS,351730.42,55000.0,,,,False
16-Feb-16,85042320.0,"TRANSFORMER >> TRANSFORMER COPPER 66 MVA 66000 KVA TRANSFORMER , COPPER WOUND , 3 PHASE , OIL COOLED WITH M.S. TANKAND TRANSFORMER OIL. 50-66 MVA 161-34.5",India,Ghana,1 NOS,708474.68,66000.0,,,,False
9-Dec-15,85042320.0,"TRANSFORMER >> COPPERWOUND TRANSFORMER 70000KVA 70MVA , 3PHASE OIL COOLED COPPERWOUND TRANSFORMER WITH MOTO. OLTC. SR NO. PC0800149",India,Iran,1 NOS,573844.53,70000.0,,,,False
7-Dec-15,85042320.0,"TRANSFORMER >> COPPERWOUND TRANSFORMER 70000KVA 70MVA , 3PHASE OIL COOLED COPPERWOUND TRANSFORMER WITH MOTO. OLTC. SR NO. PC0800149",India,Iran,1 NOS,574967.92,70000.0,,,,False
27-Oct-15,85042320.0,"TRANSFORMERS >> 61-333-TRANSFORMERS C.W 75000KVA , ABV63000 KVA UP&INC100000KVA WITH MSTANK&OIL W.A. P.T132-22KV , 75MVA S.13604 A.P.INV.",India,Kenya,1 NOS,583258.04,75000.0,,,,True
27-Oct-15,85042320.0,"TRANSFORMERS >> 61-333-TRANSFORMERS C.W 75000KVA , ABV63000 KVA UP&INC100000 KVA WITH MSTANK&OIL , P.T-132-22KV , 75MVA S.13604 AS PER DOCUMENT",India,Kenya,1 NOS,583258.04,75000.0,,,,True
28-Sep-15,85042320.0,"TRANSFORMER >> KVA TRANSFORMER 90 MVA 90000 KVA , TRANSFORMER, COPPERWOUND, 3 PHASE, OIL COOLED, WITH M.S. TANK & TRANSFORMER OIL-90 MVA 132-33KV POW",India,Malaysia,1 NOS,667933.64,90000.0,,,,False
27-Sep-15,85042320.0,"TRANSFORMER >> KVA TRANSFORMER 90 MVA 90000 KVA , TRANSFORMER, COPPERWOUND, 3 PHASE, OIL COOLED, WITH M.S. TANK & TRANSFORMER OIL-90 MVA 132-33KV POW",India,Malaysia,1 NOS,668337.65,90000.0,,,,False
11-Aug-15,85042320.0,"TRANSFORMER >> TRANSFORMER COPPER 60 MVA 60000KVA , TRANSFORMER, COPPER WOUND, 3 PHASE, OIL COOLED WITH M.S. TANKAND TRANSFORMER OIL. TRANSFORMER 220-23",India,Chile,1 NOS,724743.84,60000.0,,,,False
24-Jul-15,85042320.0,"TRANSFORMER >> KVA TRANSFORMER 93.80 MVA 93800 KVA TRANSFORMER , COPPER WOUND, 3 PHASE ,OIL COOLED WITH M.S.TANK - AS PER DOCUMENT NO. ET 10499",India,Kenya,1 NOS,753849.68,93800.0,,,,False
28-Jun-15,85042320.0,"TRANSFORMER >> KVA TRANSFORMER 93.80 MVA 93800 KVA TRANSFORMER , COPPER WOUND, 3 PHASE ,OIL COOLED WITH M.S.TANK - AS PER DOCUMENT NO. ET 10499",India,Kenya,1 NOS,765535.38,93800.0,,,,False
14-Jun-15,85042320.0,"TRANSFORMER >> KVA TRANSFORMER 75 MVA 75000 KVA TRANSFORMER COPPER WOUND , 3 PHASE , OIL COOLED WITH M.S. TANK & TRANSFORMER OIL-AS PER DOCUMENT NO.ET 10459-B",India,Oman,1 NOS,559163.15,75000.0,,,,False
11-Jun-15,85042320.0,"TRANSFORMER >> KVA TRANSFORMER 75 MVA 75000 KVA TRANSFORMER COPPER WOUND , 3 PHASE , OIL COOLED WITH M.S. TANK & TRANSFORMER OIL-AS PER DOCUMENT NO.ET 10459-B",India,Oman,1 NOS,560581.1,75000.0,,,,False
24-Apr-15,85042320.0,TRANSFORMER >> KVA TRANSFORMER TRANSFORMER OIL BASE STOCK & OTHER SPARE PARTS / ACCESSORIES / COMPONENT FOR 75 MVA 75000 KVA TRANSFORMER 132-33-11KV 50 HZ 75 MVA,India,Oman,1 NOS,132199.05,75000.0,,,,True
23-Apr-15,85042320.0,TRANSFORMER >> KVA TRANSFORMER TRANSFORMER OIL BASE STOCK & OTHER SPARE PARTS / ACCESSORIES / COMPONENT FOR 75 MVA 75000 KVA TRANSFORMER 132-33-11KV 50 HZ 75 MVA,India,Oman,1 NOS,132777.92,75000.0,,,,True
20-Apr-15,85042320.0,TRANSFORMER >> KVA TRANSFORMER TRANSFORMER OIL BASE STOCK & OTHER SPARE PARTS / ACCESSORIES / COMPONENT FOR 75 MVA 75000 KVA TRANSFORMER 132-33-11KV 50 HZ 75 MVA,India,Oman,1 NOS,133185.1,75000.0,,,,True
20-Apr-15,85042320.0,TRANSFORMER >> KVA TRANSFORMER TRANSFORMER OIL BASE STOCK & OTHER SPARE PARTS / ACCESSORIES / COMPONENT FOR 75 MVA 75000 KVA TRANSFORMER 132-33-11KV 50HZ 75 MVA,India,Oman,1 NOS,133185.1,75000.0,,,,True
17-Apr-15,85042320.0,TRANSFORMER >> KVA TRANSFORMER TRANSFORMER OIL BASE STOCK & OTHER SPARE PARTS / ACCESSORIES / COMPONENT FOR 75 MVA 75000 KVA TRANSFORMER 132-33-11KV 50 HZ 75 MVA,India,Oman,1 NOS,134996.6,75000.0,,,,True
17-Apr-15,85042320.0,TRANSFORMER >> TRANSFORMER OIL BASE STOCK & OTHER SPARE PARTS / ACCESSORIES / COMPONENT FOR 75 MVA 75000KVA 132-32-11KV 50 HZ 75 MVA Z+12.5% WITH TOLERANCE,India,Oman,1 NOS,134996.6,75000.0,,,,True
12-Apr-15,85042320.0,TRANSFORMER >> TRANSFORMER OIL BASE STOCK & OTHER SPARE PARTS / ACCESSORIES / COMPONENT FOR 75 MVA 75000KVA 132-32-11KV 50 HZ 75 MVA Z+12.5% WITH TOLERANCE,India,Oman,1 NOS,135511.78,75000.0,,,,True
10-Apr-15,85042320.0,TRANSFORMER >> TRANSFORMER OIL BASE STOCK & OTHER SPARE PARTS / ACCESSORIES / COMPONENT FOR 75 MVA 75000KVA 132-32-11KV 50 HZ 75 MVA Z+12.5% WITH TOLERANCE,India,Oman,1 NOS,135508.9,75000.0,,,,True
30-Mar-15,85042320.0,TRANSFORMER >> TRANSFORMER OIL BASESTOCK & OTHER SPARE PARTS / ACCESSORIES / COMPONENT FOR 75 MVA 75000 KVA 132-32-11KV 50 HZ 75 MVA Z=12.5% WITH TOLERANCE,India,Oman,1 NOS,134551.67,75000.0,,,,True
30-Mar-15,85042320.0,TRANSFORMER >> TRANSFORMER OIL BASE STOCK & OTHER SPARE PARTS / ACCESSORIES / COMPONENT FOR 75 MVA 75000KVA 132-32-11KV 50 HZ 75 MVA Z+12.5% WITH TOLERANCE,India,Oman,1 NOS,134551.67,75000.0,,,,True
29-Mar-15,85042320.0,TRANSFORMER >> TRANSFORMER OIL BASE STOCK & OTHER SPARE PARTS / ACCESSORIES / COMPONENT FOR 75 MVA 75000KVA 132-32-11KV 50 HZ 75 MVA Z+12.5% WITH TOLERANCE,India,Oman,1 NOS,134530.56,75000.0,,,,True
27-Mar-15,85042320.0,TRANSFORMER >> TRANSFORMER OIL BASESTOCK & OTHER SPARE PARTS / ACCESSORIES / COMPONENT FOR 75 MVA 75000 KVA 132-32-11KV 50 HZ 75 MVA Z=12.5% WITH TOLERANCE,India,Oman,1 NOS,134551.38,75000.0,,,,True
13-Mar-15,85042320.0,TRANSFORMER >> TRANSFORMER OIL BASESTOCK & OTHER SPARE PARTS / ACCESSORIES / COMPONENT FOR 75 MVA 75000 KVA 132-32-11KV 50 HZ 75 MVA Z=12.5% WITH TOLERANCE,India,Oman,1 NOS,132878.89,75000.0,,,,True
27-Feb-15,85042320.0,"TRANSFORMER >> TRANSFORMER OIL BASE STOCK & OTHER SPARE PARTS / ACCESSORIES / COMPONENT FOR 75 MVA 75000 KVA 132-33-11 KV , 50HZ 75 MVA Z-12.5% WITH TOLERAN",India,Oman,1 NOS,135947.64,75000.0,,,,True
14-Sep-17,85042320.0,"TRANSFORMER >> TRANSFORMER COPPER 60 MVA 60000 KVA TRANSFORMER , COPPER WOUND , 3 PHASE , OIL COOLED WITH M.S.TANK & TRANSFORMER OIL AS PER DOCUMENT NO.BE10899 ; WOUN D , ...",India,Malaysia,3 NOS,1419301.58,60000.0,,,,False
20-Aug-17,85042320.0,"TRANSFORMER >> TRANSFORMER COPPER 90 MVA 90000 KVA TRANSFORMER , COPPER WOUND , 3 PHASE , OIL COOLED WITH M.S.TANK & TRANSFORMER OIL-AS PER DOCUMENT NO.ET10533A ; WOUN D , 3 ;...",India,Malaysia,1 NOS,687645.56,90000.0,,,,False
20-Aug-17,85042320.0,"TRANSFORMER >> TRANSFORMER COPPER 90 MVA 90000 KVA TRANSFORMER , COPPER WOUND , 3PHASE , OIL COOLED WITH M.S.TANK & TRANSFORMER OIL-AS PER DOCUMENT NO.ET10533A-A ; WOUN D , 3PH...",India,Malaysia,1 NOS,687645.56,90000.0,,,,False
18-Aug-17,85042320.0,"TRANSFORMER >> TRANSFORMER COPPER 90 MVA 90000 KVA TRANSFORMER , COPPER WOUND , 3PHASE , OIL COOLED WITH M.S.TANK & TRANSFORMER OIL-AS PER DOCUMENT NO.ET10533A-A ; WOUN D , 3PH...",India,Malaysia,1 NOS,681403.57,90000.0,,,,False
18-Aug-17,85042320.0,"TRANSFORMER >> TRANSFORMER COPPER 90 MVA 90000 KVA TRANSFORMER , COPPER WOUND , 3 PHASE , OIL COOLED WITH M.S.TANK & TRANSFORMER OIL-AS PER DOCUMENT NO.ET10533A ; WOUN D , 3 ;...",India,Malaysia,1 NOS,681403.57,90000.0,,,,False
23-Jun-17,85042320.0,"TRANSFORMER >> TRANSFORMER COPPER 90MVA 90000KVA TRANSFORMER , COPPER WOUND , 3 PHASE , OIL COOLED WITH M.S. TANK &TRANSFORMER OIL. 90 MVA 132-33 KV YNynO ; WOU ND , ; &...",India,Malaysia,1 NOS,679539.83,90000.0,,,,False
21-Jun-17,85042320.0,"TRANSFORMER >> TRANSFORMER COPPER 90MVA 90000KVA TRANSFORMER , COPPER WOUND , 3 PHASE , OIL COOLED WITH M.S. TANK &TRANSFORMER OIL. 90 MVA 132-33 KV YNynO ; WOU ND , ; &...",India,Malaysia,1 NOS,678502.75,90000.0,,,,False
15-Jun-17,85042320.0,"TRANSFORMER >> TRANSFORMER COPPER 66000 K V A THREEE PHASE TRANSFORMER COPPER WOUND OIL COOLED 66MVA , 132-33KV , 3-PH POWER TRANSFORMER , COMPLETE WITH ; CO PPER ; 13...",India,Nigeria,1 NOS,363371.08,66000.0,,,,False
9-Jun-17,85042320.0,"THREE-PHASE POWER TRANSFORMER | SEA | TRO011846 | MODEL 60/75 MVA | POWER 60000 KVA, THREE WINDING, LEAD CHANGER UNDER LOAD, WITH ITS OIL CHARGE FOR USE IN TRANSFORMER | 1 UNITS",Italy,Chile,1 UNITS,972500.0,60000.0,,,,True
8-Jun-17,85042320.0,"TRANSFORMER >> TRANSFORMER COPPER 61-333- 100000 KVA THREE PHASE TRANSFORMER COPPER WOUND OIL COOLED 100MVA , 132-33KV , 3-PH POWER TRANSFORMER , COMPLET ; TRANSFORM ER ...",India,Nigeria,1 NOS,501195.4,100000.0,,,,False
8-Jun-17,85042320.0,"TRANSFORMER >> TRANSFORMER COPPER 61-333- 66000 KVA THREE PHASE TRANSFORMER COPPER WOUND OIL COOLED 66MVA , 132-33KV , 3-PH POWER TRANSFORMER , COMPLETE ; TRANSFORME R ;...",India,Nigeria,1 NOS,365244.93,66000.0,,,,False
5-Jun-17,85042320.0,"TRANSFORMER >> TRANSFORMER COPPER 61-333- 66000 KVA THREE PHASE TRANSFORMER COPPER WOUND OIL COOLED 66MVA , 132-33KV , 3-PH POWER TRANSFORMER , COMPLETE ; TRANSFORME R ;...",India,Nigeria,1 NOS,364697.15,66000.0,,,,False
4-Jun-17,85042320.0,"TRANSFORMER >> TRANSFORMER COPPER 61-333- 66000 KVA THREE PHASE TRANSFORMER COPPER WOUND OIL COOLED 66MVA , 132-33KV , 3-PH POWER TRANSFORMER , COMPLETE ; TRANSFORME R ;...",India,Nigeria,1 NOS,364146.04,66000.0,,,,False
5-Apr-17,85042320.0,"TRANSFORMER >> POWER TRANSFORMERALONG 60-75MVA , 225-33-10 KV POWER TRANSFORMERALONG WITH ITS SPARE PARTS / ACCESSORIES / COMPONENT & INSULATING OIL DRUMS BEARING SR. NO. 12110-...",India,Mauritania,1 SET,718403.93,75000.0,,,,True
23-Mar-17,85042320.0,"TRANSFORMER >> TRANSFORMER COPPER 90MVA 90000KVA TRANSFORMER , COPPER WOUND , 3 PHASE , OIL COOLED WITH M.S. TANK &TRANSFORMER OIL. SUPPLY OF 2 X 60-90 MV ; WOU ND , ; &...",India,Malaysia,1 NOS,655360.48,90000.0,,,,False
23-Mar-17,85042320.0,"TRANSFORMER >> TRANSFORMER COPPER 90MVA 90000KVA TRANSFORMER , COPPER WOUND , 3 PHASE , OIL COOLED WITH M.S. TANK &TRANSFORMER OIL. SUPPLY OF 2 X 60-90MVA ; WOU ND , ; &...",India,Malaysia,1 NOS,655360.48,90000.0,,,,False
12-Mar-17,85042320.0,"TRANSFORMER >> TRANSFORMER COPPER 90 MVA 90000 KVA TRANSFORMER , COPPER WOUND , 3 PHASE , OIL COOLED WITH M.S. TANK& TRANSFORMER OIL. 90 MVA 132-33 KV , YN ; W OUND , ; ...",India,Malaysia,1 NOS,664456.43,90000.0,,,,False
10-Mar-17,85042320.0,"TRANSFORMER >> TRANSFORMER COPPER 90 MVA 90000 KVA TRANSFORMER , COPPER WOUND , 3 PHASE , OIL COOLED WITH M.S. TANK& TRANSFORMER OIL. 90 MVA 132-33 KV , YN ; W OUND , ; ...",India,Malaysia,1 NOS,663716.35,90000.0,,,,False
27-Jan-17,85042320.0,"THREE PHASE POWER TRANSFORMER | EFACEC | 38695 | MODEL 60/75 MVA | POWER SUPPLY 75000 KVA, THREE WINDING, LEAD CHANGER UNDER LOAD, WITH ITS OIL LOAD FOR USE IN TRANSFORMER | 1 UNIT...",Portugal,Chile,1 UNITS,1275690.41,75000.0,,,,False
26-Jan-17,85042320.0,"TRANSFORMER >> TRANSFORMER COPPER 90 MVA 90000 KVA TRANSFORMER , COPPER WOUND , 3 PHASE , OIL COOLED WITH M.S. TANK& TRANSFORMER OIL. 90 MVA 132-33 KV , YN ; W OUND , ; ...",India,Malaysia,1 NOS,672301.82,90000.0,,,,False
24-Jan-17,85042320.0,"TRANSFORMER >> TRANSFORMER COPPER 90 MVA 90000 KVA TRANSFORMER , COPPER WOUND , 3 PHASE , OIL COOLED WITH M.S. TANK& TRANSFORMER OIL. 90 MVA 132-33 KV , YN ; W OUND , ; ...",India,Malaysia,1 NOS,662814.84,90000.0,,,,False
24-Jan-17,85042320.0,"TRANSFORMER >> TRANSFORMER COPPER 90 MVA 90000 KVA TRANSFORMER , COPPER WOUND , 3 PHASE , OIL COOLED WITH M.S. TANK& TRANSFORMER OIL. 90 MVA 132-33 KV , YN ; W OUND , ; ...",India,Malaysia,1 NOS,662814.84,90000.0,,,,False
31-Dec-16,85042320.0,"TRANSFORMER >> TRANSFORMER COPPER 60 MVA 60000 KVA TRANSFORMER , COPPER WOUND , 3 PHASE , OIL COOLED WITH M.S. TANK & TRANSFORMER OIL-AS PER DOCUMENT NO. ET 10779 ; WO UND , ...",India,Malaysia,1 NOS,551042.13,60000.0,,,,False
28-Dec-16,85042320.0,"TRANSFORMER >> TRANSFORMER COPPER 66.67 MVA 66670 KVA 1 PHASE TRANSFORMER , COPPER WOUND OIL COOLED WITH M.S. TANK AND TRANSFORMER OIL. 773200ABF AUTO TR ; TRANSFORME R , ;...",India,Malawi,2 NOS,850626.2,66670.0,,,,False
24-Dec-16,85042320.0,"TRANSFORMER >> TRANSFORMER COPPER 66.67 MVA 66670 KVA 1 PHASE TRANSFORMER , COPPER WOUND OIL COOLED WITH M.S. TANK AND TRANSFORMER OIL. 773200ABF AUTO TR ; TRANSFORME R , ;...",India,Malawi,2 NOS,855239.57,66670.0,,,,False
18-Dec-16,85042320.0,"TRANSFORMER >> TRANSFORMER COPPER 66.67 MVA 66670 KVA 1 PHASE TRANSFORMER , COPPER WOUND OIL COOLED WITH M.S. TANK AND TRANSFORMER OIL. 773200ABF AUTO TR ; TRANSFORME R , ;...",India,Malawi,2 NOS,855205.54,66670.0,,,,False
30-Oct-16,85042320.0,"TRANSFORMER >> TRANSFORMER COPPER 90 MVA 90000 KVA TRANSFORMER , COPPER WOUND , 3 PHASE , OIL COOLED WITH M.S. TANK& TRANSFORMER OIL. 90 MVA , 132-33 KV PO",India,Malaysia,1 NOS,670917.99,90000.0,,,,False
9-Oct-16,85042320.0,"TRANSFORMER >> TRANSFORMER COPPER 90 MVA 90000 KVA TRANSFORMER , COPPER WOUND , 3 PHASE , OIL COOLED WITH M.S. TANK &TRANSFORMER OIL-AS PER DOCUMENT NO.ET 10801 ; W OUND , 3...",India,Zimbabwe,1 NOS,463155.79,90000.0,,,,False
7-Oct-16,85042320.0,"TRANSFORMER >> TRANSFORMER COPPER 90 MVA 90000 KVA TRANSFORMER , COPPER WOUND , 3 PHASE , OIL COOLED WITH M.S. TANK &TRANSFORMER OIL-AS PER DOCUMENT NO.ET 10801 ; W OUND , 3...",India,Zimbabwe,1 NOS,462993.24,90000.0,,,,False
5-Oct-16,85042320.0,"TRANSFORMER >> POWER TRANSFORMER 132-33KV , 60-80 MVA POWER TRANSFORMER WITH ACCESSORIES AND OIL SR.NO.12109-001",India,Bangladesh,1 SET,600538.46,80000.0,,,,True
29-Sep-16,85042320.0,"TRANSFORMER >> TRANSFORMER COPPER 90 MVA 90000 KVA TRANSFORMER , COPPER WOUND , 3 PHASE , OIL COOLED WITH M.S. TANK& TRANSFORMER OIL. 90 MVA , 132-33 KV PO ; W OUND , ; ...",India,Malaysia,1 NOS,673031.38,90000.0,,,,False
29-Sep-16,85042320.0,"TRANSFORMER >> TRANSFORMER COPPER 90 MVA 90000 KVA TRANSFORMER , COPPER WOUND , 3 PHASE , OIL COOLED WITH M.S. TANK& TRANSFORMER OIL. 90 MVA , 132-33 KV PO ; W OUND , ; ...",India,Malaysia,1 NOS,673031.38,90000.0,,,,False
27-Jun-16,85042320.0,"TRANSFORMER >> TRANSFORMER COPPER 90 MVA 90000 KVA TRANSFORMER , COPPER WOUND , 3 PHASE , OIL COOLED WITH M.S. TANK& TRANSFORMER OIL. 90 MVA , 132-33 KV , Y",India,Malaysia,2 NOS,1337740.24,90000.0,,,,False
27-Mar-16,85042320.0,"TRANSFORMER >> TRANSFORMER COPPER 90 MVA 90000 KVA , TRANSFORMER , COPPER WOUND , 3 PHASE , OIL COOLED WITH M.S. TANK &TRANSFORMER OIL-AS PER DOCUMENT NO.ET 10647",India,Malaysia,1 NOS,516533.1,90000.0,,,,False
24-Mar-16,85042320.0,"TRANSFORMER >> TRANSFORMER COPPER 90 MVA 90000 KVA , TRANSFORMER , COPPER WOUND , 3 PHASE , OIL COOLED WITH M.S. TANK &TRANSFORMER OIL-AS PER DOCUMENT NO.ET 10647",India,Malaysia,1 NOS,516356.08,90000.0,,,,False
27-Feb-16,85042320.0,"TRANSFORMER >> TRANSFORMER COPPER 55 MVA 55000 KVA TRANSFORMER , COPPER WOUND , 3 PHASE , OIL COOLED WITH M.S. TANKAND TRANSFORMER OIL. - AS PER DOCUMENT .",India,Tanzania,1 NOS,350352.6,55000.0,,,,False
24-Feb-16,85042320.0,"TRANSFORMER >> TRANSFORMER COPPER 55 MVA 55000 KVA TRANSFORMER , COPPER WOUND , 3 PHASE , OIL COOLED WITH M.S. TANKAND TRANSFORMER OIL. - AS PER DOCUMENT .",India,Tanzania,1 NOS,351730.42,55000.0,,,,False
16-Feb-16,85042320.0,"TRANSFORMER >> TRANSFORMER COPPER 66 MVA 66000 KVA TRANSFORMER , COPPER WOUND , 3 PHASE , OIL COOLED WITH M.S. TANKAND TRANSFORMER OIL. 50-66 MVA 161-34.5",India,Ghana,1 NOS,708474.68,66000.0,,,,False
5-Feb-16,85042320.0,"THREE-PHASE POWER TRANSFORMER | EFASEC | MODEL 230 (154) /69/14.8 KV | PRIMARY-ECUNDARY POWER 75 | MVA, THREE WINDING, INCLUDES C | NORMAL OIL ARGA, COMPLETE |, DISASSEMBLED | 2 UN...",Portugal,Chile,2 UNITS,2555950.0,,,69.0,14.8,False
9-Dec-15,85042320.0,"TRANSFORMER >> COPPERWOUND TRANSFORMER 70000KVA 70MVA , 3PHASE OIL COOLED COPPERWOUND TRANSFORMER WITH MOTO. OLTC. SR NO. PC0800149",India,Iran,1 NOS,573844.53,70000.0,,,,False
7-Dec-15,85042320.0,"TRANSFORMER >> COPPERWOUND TRANSFORMER 70000KVA 70MVA , 3PHASE OIL COOLED COPPERWOUND TRANSFORMER WITH MOTO. OLTC. SR NO. PC0800149",India,Iran,1 NOS,574967.92,70000.0,,,,False
27-Oct-15,85042320.0,"TRANSFORMERS >> 61-333-TRANSFORMERS C.W 75000KVA , ABV63000 KVA UP&INC100000KVA WITH MSTANK&OIL W.A. P.T132-22KV , 75MVA S.13604 A.P.INV.",India,Kenya,1 NOS,583258.04,75000.0,,,,True
27-Oct-15,85042320.0,"TRANSFORMERS >> 61-333-TRANSFORMERS C.W 75000KVA , ABV63000 KVA UP&INC100000 KVA WITH MSTANK&OIL , P.T-132-22KV , 75MVA S.13604 AS PER DOCUMENT",India,Kenya,1 NOS,583258.04,75000.0,,,,True
28-Sep-15,85042320.0,"TRANSFORMER >> KVA TRANSFORMER 90 MVA 90000 KVA , TRANSFORMER, COPPERWOUND, 3 PHASE, OIL COOLED, WITH M.S. TANK & TRANSFORMER OIL-90 MVA 132-33KV POW",India,Malaysia,1 NOS,667933.64,90000.0,,,,False
27-Sep-15,85042320.0,"TRANSFORMER >> KVA TRANSFORMER 90 MVA 90000 KVA , TRANSFORMER, COPPERWOUND, 3 PHASE, OIL COOLED, WITH M.S. TANK & TRANSFORMER OIL-90 MVA 132-33KV POW",India,Malaysia,1 NOS,668337.65,90000.0,,,,False
11-Aug-15,85042320.0,"TRANSFORMER >> TRANSFORMER COPPER 60 MVA 60000KVA , TRANSFORMER, COPPER WOUND, 3 PHASE, OIL COOLED WITH M.S. TANKAND TRANSFORMER OIL. TRANSFORMER 220-23",India,Chile,1 NOS,724743.84,60000.0,,,,False
24-Jul-15,85042320.0,"TRANSFORMER >> KVA TRANSFORMER 93.80 MVA 93800 KVA TRANSFORMER , COPPER WOUND, 3 PHASE ,OIL COOLED WITH M.S.TANK - AS PER DOCUMENT NO. ET 10499",India,Kenya,1 NOS,753849.68,93800.0,,,,False
28-Jun-15,85042320.0,"TRANSFORMER >> KVA TRANSFORMER 93.80 MVA 93800 KVA TRANSFORMER , COPPER WOUND, 3 PHASE ,OIL COOLED WITH M.S.TANK - AS PER DOCUMENT NO. ET 10499",India,Kenya,1 NOS,765535.38,93800.0,,,,False
14-Jun-15,85042320.0,"TRANSFORMER >> KVA TRANSFORMER 75 MVA 75000 KVA TRANSFORMER COPPER WOUND , 3 PHASE , OIL COOLED WITH M.S. TANK & TRANSFORMER OIL-AS PER DOCUMENT NO.ET 10459-B",India,Oman,1 NOS,559163.15,75000.0,,,,False
11-Jun-15,85042320.0,"TRANSFORMER >> KVA TRANSFORMER 75 MVA 75000 KVA TRANSFORMER COPPER WOUND , 3 PHASE , OIL COOLED WITH M.S. TANK & TRANSFORMER OIL-AS PER DOCUMENT NO.ET 10459-B",India,Oman,1 NOS,560581.1,75000.0,,,,False
24-Apr-15,85042320.0,TRANSFORMER >> KVA TRANSFORMER TRANSFORMER OIL BASE STOCK & OTHER SPARE PARTS / ACCESSORIES / COMPONENT FOR 75 MVA 75000 KVA TRANSFORMER 132-33-11KV 50 HZ 75 MVA,India,Oman,1 NOS,132199.05,75000.0,,,,True
23-Apr-15,85042320.0,TRANSFORMER >> KVA TRANSFORMER TRANSFORMER OIL BASE STOCK & OTHER SPARE PARTS / ACCESSORIES / COMPONENT FOR 75 MVA 75000 KVA TRANSFORMER 132-33-11KV 50 HZ 75 MVA,India,Oman,1 NOS,132777.92,75000.0,,,,True
20-Apr-15,85042320.0,TRANSFORMER >> KVA TRANSFORMER TRANSFORMER OIL BASE STOCK & OTHER SPARE PARTS / ACCESSORIES / COMPONENT FOR 75 MVA 75000 KVA TRANSFORMER 132-33-11KV 50 HZ 75 MVA,India,Oman,1 NOS,133185.1,75000.0,,,,True
20-Apr-15,85042320.0,TRANSFORMER >> KVA TRANSFORMER TRANSFORMER OIL BASE STOCK & OTHER SPARE PARTS / ACCESSORIES / COMPONENT FOR 75 MVA 75000 KVA TRANSFORMER 132-33-11KV 50HZ 75 MVA,India,Oman,1 NOS,133185.1,75000.0,,,,True
17-Apr-15,85042320.0,TRANSFORMER >> KVA TRANSFORMER TRANSFORMER OIL BASE STOCK & OTHER SPARE PARTS / ACCESSORIES / COMPONENT FOR 75 MVA 75000 KVA TRANSFORMER 132-33-11KV 50 HZ 75 MVA,India,Oman,1 NOS,134996.6,75000.0,,,,True
17-Apr-15,85042320.0,TRANSFORMER >> TRANSFORMER OIL BASE STOCK & OTHER SPARE PARTS / ACCESSORIES / COMPONENT FOR 75 MVA 75000KVA 132-32-11KV 50 HZ 75 MVA Z+12.5% WITH TOLERANCE,India,Oman,1 NOS,134996.6,75000.0,,,,True
12-Apr-15,85042320.0,TRANSFORMER >> TRANSFORMER OIL BASE STOCK & OTHER SPARE PARTS / ACCESSORIES / COMPONENT FOR 75 MVA 75000KVA 132-32-11KV 50 HZ 75 MVA Z+12.5% WITH TOLERANCE,India,Oman,1 NOS,135511.78,75000.0,,,,True
10-Apr-15,85042320.0,TRANSFORMER >> TRANSFORMER OIL BASE STOCK & OTHER SPARE PARTS / ACCESSORIES / COMPONENT FOR 75 MVA 75000KVA 132-32-11KV 50 HZ 75 MVA Z+12.5% WITH TOLERANCE,India,Oman,1 NOS,135508.9,75000.0,,,,True
30-Mar-15,85042320.0,TRANSFORMER >> TRANSFORMER OIL BASE STOCK & OTHER SPARE PARTS / ACCESSORIES / COMPONENT FOR 75 MVA 75000KVA 132-32-11KV 50 HZ 75 MVA Z+12.5% WITH TOLERANCE,India,Oman,1 NOS,134551.67,75000.0,,,,True
30-Mar-15,85042320.0,TRANSFORMER >> TRANSFORMER OIL BASESTOCK & OTHER SPARE PARTS / ACCESSORIES / COMPONENT FOR 75 MVA 75000 KVA 132-32-11KV 50 HZ 75 MVA Z=12.5% WITH TOLERANCE,India,Oman,1 NOS,134551.67,75000.0,,,,True
29-Mar-15,85042320.0,TRANSFORMER >> TRANSFORMER OIL BASE STOCK & OTHER SPARE PARTS / ACCESSORIES / COMPONENT FOR 75 MVA 75000KVA 132-32-11KV 50 HZ 75 MVA Z+12.5% WITH TOLERANCE,India,Oman,1 NOS,134530.56,75000.0,,,,True
27-Mar-15,85042320.0,TRANSFORMER >> TRANSFORMER OIL BASESTOCK & OTHER SPARE PARTS / ACCESSORIES / COMPONENT FOR 75 MVA 75000 KVA 132-32-11KV 50 HZ 75 MVA Z=12.5% WITH TOLERANCE,India,Oman,1 NOS,134551.38,75000.0,,,,True
13-Mar-15,85042320.0,TRANSFORMER >> TRANSFORMER OIL BASESTOCK & OTHER SPARE PARTS / ACCESSORIES / COMPONENT FOR 75 MVA 75000 KVA 132-32-11KV 50 HZ 75 MVA Z=12.5% WITH TOLERANCE,India,Oman,1 NOS,132878.89,75000.0,,,,True
27-Feb-15,85042320.0,"TRANSFORMER >> TRANSFORMER OIL BASE STOCK & OTHER SPARE PARTS / ACCESSORIES / COMPONENT FOR 75 MVA 75000 KVA 132-33-11 KV , 50HZ 75 MVA Z-12.5% WITH TOLERAN",India,Oman,1 NOS,135947.64,75000.0,,,,True
